Time,PTC2,PTC3,PTC4,PTC5,PTC6,PTC8,PTC9,PTC11,PTC12,PTC13,PTC14,PTC15,PTC16,PTC17,PTC18,PTC19,PTC20,PTC21,PTC26,PTC27,PTC28,PTC29,PTC30,PTC31,PTC32,PTC33,PTC34,PTC36,PTC38,PTC43,PTC44,PTC45,HITC,LOTC,AVGTC,MEAN,AIRTC,AIRTC1,AIRTC2,HILIMTC,TSET_AIR,TSET_PART
HH:MM:SS,Deg.F,Deg.F,Deg.F,Deg.F,Deg.F,Deg.F,Deg.F,Deg.F,Deg.F,Deg.F,Deg.F,Deg.F,Deg.F,Deg.F,Deg.F,Deg.F,Deg.F,Deg.F,Deg.F,Deg.F,Deg.F,Deg.F,Deg.F,Deg.F,Deg.F,Deg.F,Deg.F,Deg.F,Deg.F,Deg.F,Deg.F,Deg.F,,,,,,,,,,
01:50:31,246.7,308.5,309.8,290.6,290.7,252,303.3,306.1,261.5,276.3,278.1,265.5,280.5,281.5,282.2,294.8,302,297.4,316.4,316,313,311.6,269.6,307.1,305.8,264.2,298.5,274.4,295.4,300.8,307.1,301,316.4,246.7,289.8,281.5,344.8,344.7,344.6,347.3,344.2,330
01:51:16,250,310.3,311.8,293,293,255.3,305.7,308.4,265,279,280.5,268.7,283.2,284.2,284.9,297.2,303.8,299.4,317.4,317.2,314.4,312.8,272.7,309.1,308.1,267.9,300.6,277,297.5,302.8,309.4,303.7,317.4,250,292.2,283.7,344,344,343.7,350.4,342.8,330
01:51:30,251,311,312.4,293.7,293.7,256.3,306.6,309.2,266.2,279.8,281.5,269.5,284.1,285.1,285.8,298,304.7,300.3,317.9,317.8,314.9,313.4,273.7,310.2,308.6,268.8,301.2,278.2,298.2,303,310.1,304.5,317.9,251,293,284.5,344,344,343.7,350.9,344.5,331.1
01:52:30,255.4,313.4,314.7,296.6,296.5,260.6,309.5,312,270.5,282.8,284.4,272.8,287.6,288.5,289.2,301,307.2,303,319.8,319.7,317,315.4,277.9,312.2,311.2,273.2,304.2,281.4,300.9,306.1,312.9,308,319.8,255.4,296.1,287.6,346,346.1,346,357.2,351.1,335.5
01:53:31,259.4,316,317.3,299.4,299.3,264.8,311.9,315,274.7,286,287.6,276.3,291,291.7,292.5,304.1,310.4,306.1,322.3,322.1,319.5,318,281.9,315.3,313.9,277.6,306.8,285.2,303.7,308.5,315.8,311.4,322.3,259.4,299.2,290.9,351.7,351.9,351.8,366.8,357.8,340.1
01:54:31,263.5,319.2,320.5,303.1,303,269,315.5,318.1,278.7,289.5,291.3,280.1,294.3,295.1,295.9,307.5,313.8,309.5,325.5,325,322.6,321.1,285.7,318.9,316.8,281.6,309.7,289.6,306.8,311.9,319.2,314.9,325.5,263.5,302.7,294.5,358,358.1,358,373,358,344.6
01:55:30,267.5,322.3,323.4,305.8,305.7,273,318.4,321.3,282.7,292.8,294.5,283.6,297.7,298.4,299.4,311.2,317.5,313.3,328.2,327.9,325.8,324.4,289.6,321.9,319.9,285.9,313.2,292.9,310.1,315.5,322.9,318.7,328.2,267.5,306.1,297.8,361.2,361.2,361.1,372.1,358,349
01:56:30,271.4,324.8,326.2,308.7,308.8,277.2,321.7,324.6,286.6,296.2,298,287.1,301,301.9,302.8,314.7,320.7,316.6,330.8,330.5,328.6,327.2,293.3,324.6,323.2,290.2,316.1,296.2,313.1,319.4,326.6,322.5,330.8,271.4,309.5,301.1,361.3,361.3,361.1,369.8,358,351
01:57:30,275.1,327.3,328.6,311.4,311.4,281.1,324.5,327.4,290.7,299.5,301.2,290.6,304.3,305,306,318.2,323.7,319.8,333.2,332.8,330.9,329.3,296.8,327.4,326,294.5,319.2,299.7,316.1,322,329.6,326.1,333.2,275.1,312.5,304.2,360.6,360.6,360.4,368.3,358,351
01:58:30,279.2,329.4,330.8,314.1,314.1,284.9,327.1,329.8,294.4,302.5,304.4,293.7,307.3,308.2,309.2,321.3,326.4,322.9,335.2,334.7,333.2,331.5,300.4,330.4,328.6,298.6,321.7,302.6,318.7,324.5,332.8,329.4,335.2,279.2,315.4,307.2,360.2,360.2,360.1,367.5,358,351
01:59:30,283,331.3,332.5,316.4,316.5,288.5,329.6,332.3,298.2,305.5,307.2,296.8,310.2,311,312,324.4,328.9,325.6,337.1,336.6,335.2,333.4,303.6,332,331,302,324.5,305.9,321.1,327.1,335.4,332.6,337.1,283,318.1,310,360.3,360.2,360.1,368.3,358,351
02:00:30,286.5,333.4,334.7,318.8,318.8,292,331.6,334.5,301.8,308.3,310.1,299.8,313,313.9,314.7,327.2,331.4,328.3,338.9,338.3,337,335.4,306.9,334.4,333.2,305.4,326.9,308.7,323.5,329.4,338.1,335.7,338.9,286.5,320.8,312.7,360.4,360.4,360.3,368.2,358,351
02:01:30,290.1,335.3,336.5,320.9,320.9,295.2,334,336.8,305.2,310.7,312.6,302.6,315.7,316.3,317.3,329.8,333.6,330.7,340.2,339.7,338.8,337,309.9,336,335,309.2,328.6,311.7,325.5,331.9,340.4,338.4,340.4,290.1,323.2,315.2,360.7,360.6,360.5,368.7,358,351
02:02:30,293.5,337,338.1,323.1,323,298.6,335.6,338.6,308.4,313.1,314.8,305.5,318.3,318.9,319.8,332.5,336,333.2,341.2,341,340.3,338.5,312.8,338.8,336.9,312.3,330.6,314.3,327.5,333.7,342.5,341,342.5,293.5,325.5,318,360.7,360.7,360.8,368,358,351
02:03:30,296.6,338.5,339.6,325.3,325.3,301.6,337.9,340.4,311.5,315.4,317.2,308,320.7,321.1,322.1,335,338.1,335.5,342.7,342.1,341.8,339.8,315.4,340.4,338.8,315,332.3,316.8,329.2,335.4,344.3,343.4,344.3,296.6,327.6,320.5,360.8,360.8,360.7,367.9,357.7,351
02:04:31,299.7,339.9,340.9,327.3,327.2,304.6,339.5,342.2,314.6,317.5,319.5,310.6,322.9,323.5,324.5,337.4,340,337.8,343.8,343.2,343.1,341.2,318.1,342,340.3,318.3,334.3,319.3,331.3,337.4,346.2,345.6,346.2,299.7,329.7,322.9,360.7,360.7,360.6,367.2,355.8,351
02:05:30,302.6,340.8,341.7,328.7,328.6,307.5,340.6,343.5,317.3,319.8,321.5,313,324.9,325.6,326.5,339.6,341.6,339.6,344.4,344,344.2,342.3,320.4,343.4,341.6,320.8,335.7,321.5,332.8,338.6,347.7,347.5,347.7,302.6,331.4,325.1,357,356.9,356.8,359.4,354.4,351
02:06:30,305.6,341.7,342.5,330.1,329.8,310,341.6,344.5,320.1,321.5,323.2,315.1,326.7,327.3,328.3,341.3,343,341.2,344.7,344.1,344.9,342.7,322.4,343.7,342.7,323.6,337,323.4,334,339.7,348.8,349,349,305.6,332.9,327.3,355.9,356,355.8,361.8,353,351
02:07:31,308.4,342.4,343.4,331.3,331.2,312.5,342.8,345.5,322.4,323.2,325.2,317.3,328.6,329,330,343,344.4,342.7,345.4,344.8,345.4,343.4,324.5,345,343.6,325.6,337.9,325.6,335.1,340.8,349.6,350.3,350.3,308.4,334.4,329.4,356.3,356.4,356.2,362.6,351.6,351
02:08:30,310.7,342.9,343.8,332.5,332.3,314.7,343.7,346.4,324.5,324.9,326.7,319.2,330.1,330.7,331.5,344.4,345.6,344,345.6,345.1,346.2,343.9,326.5,345.5,344.4,327.7,339,327.2,336.1,341.3,350.4,351.7,351.7,310.7,335.6,331.2,355.9,355.8,355.7,359.8,350.5,351
02:09:31,313.1,343,343.7,333.1,333,316.7,344.5,347,326.6,326.2,327.9,320.9,331.5,332.1,332.9,345.8,346.1,344.9,345.7,344.9,346.3,344,328.3,346.6,345.2,330.1,339.7,328.8,336.7,341.6,350.9,352.5,352.5,313.1,336.6,332.8,348.7,348.6,348.5,347.3,349.6,351
02:10:30,315.2,343.1,343.8,333.9,333.6,318.6,344.8,347.2,328.5,327.4,329,322.6,332.6,333.1,334,346.7,346.5,345.5,345,344.3,345.9,343.6,329.7,346.5,345.3,331.7,340.1,330.4,337.1,341.6,350.8,352.9,352.9,315.2,337.3,334.1,349,349,348.9,356.9,349.2,351
02:11:30,317.1,343.6,344.2,334.6,334.4,320.4,344.9,347.6,330.1,328.5,330.2,324.2,333.7,334.2,335.1,347.5,347.5,346.5,345.1,344.4,346.2,344,331,346.8,345.5,333.3,340.6,331.7,337.8,342,351,353.2,353.2,317.1,338.2,335.2,352.3,352.3,352.1,360.3,348.8,351
02:12:31,318.9,343.8,344.5,335.3,335.1,322.1,345.5,348.2,331.7,329.8,331.6,325.7,334.7,335.2,336.2,348.3,348.4,347.4,345.1,344.7,346.7,344.5,332.4,346.8,346.1,334.7,341.5,333.1,338.5,342.8,351.3,353.7,353.7,318.9,339,336.3,351.5,351.4,351.2,352.1,348.3,351
02:13:31,320.7,343.9,344.4,335.8,335.6,323.8,345.9,348.4,333.3,330.7,332.4,327.1,335.6,336.1,337,349.1,348.7,347.8,345.1,344.3,346.6,344.4,333.6,347.8,346.4,336.4,342,334.4,338.9,342.7,351.2,353.9,353.9,320.7,339.7,337.3,348.7,348.7,348.5,353.9,348.1,351
02:14:31,322.3,344.2,344.7,336.6,336.1,325.2,346.2,348.6,334.7,331.7,333.5,328.4,336.5,337.1,338,349.7,349.3,348.3,345.1,344.2,346.6,344.5,334.7,347.9,346.8,337.7,342.6,335.5,339.4,342.8,351.3,354.1,354.1,322.3,340.3,338.2,350.3,350.4,350.3,357.5,347.9,351
02:15:30,323.8,344.5,345.1,337.1,336.9,326.6,346.6,348.9,335.8,332.7,334.4,329.7,337.4,338,338.7,350.2,350,348.8,345.5,344.4,346.9,344.8,335.6,348.2,346.9,338.7,343,336.6,340,343.1,351.3,354.3,354.3,323.8,341,339,351.5,351.5,351.4,358.3,347.8,351
02:16:31,325.3,344.9,345.4,338,337.6,327.9,346.7,349.3,337.2,333.8,335.4,331,338.2,338.8,339.6,350.9,350.6,349.5,345.7,344.7,347.3,345.2,336.6,348.6,347.4,339.8,343.3,337.6,340.4,343.5,351.6,354.4,354.4,325.3,341.7,339.8,351.8,351.8,351.6,358.1,347.6,351
02:17:30,326.7,345.2,345.6,338.6,338.1,329.1,347.2,349.6,338.1,334.6,336.3,332.1,339,339.5,340.3,351.4,351,349.9,345.7,344.8,347.7,345.5,337.4,348.5,347.3,340.9,343.9,338.6,341,343.9,351.7,354.6,354.6,326.7,342.2,340.7,351.5,351.4,351.3,356.9,347.3,351
02:18:30,328,345.7,346,339.2,338.8,330.3,347.3,349.9,339.2,335.4,337.1,333.1,339.7,340.2,341,351.9,351.4,350.3,345.9,344.9,347.8,345.7,338.2,349.1,347.8,341.8,344.3,339.6,341.4,343.2,351.6,354.7,354.7,328,342.8,341.4,351.1,351.1,350.9,356.4,347.3,351
02:19:31,329.3,345.9,346.2,339.7,339.3,331.4,347.3,350,340.2,336.4,338.1,334.1,340.3,340.8,341.6,352.2,351.8,350.6,346.2,345.2,348,345.8,338.9,349,348.1,342.5,344.9,340.2,341.9,343.9,351.6,354.8,354.8,329.3,343.3,342.1,350.7,350.7,350.6,356.2,347.2,351
02:20:30,330.4,346,346.3,340.2,339.9,332.4,348.1,350.3,341.1,337.1,338.8,335.1,340.9,341.4,342.3,352.5,352,350.8,345.9,345.1,348.1,345.9,339.6,349.6,348.2,343.3,345.2,341.1,342.2,343.7,351.5,354.7,354.7,330.4,343.7,342.6,350.7,350.7,350.6,356.4,347.2,351
02:21:30,331.6,346.3,346.6,340.6,340.3,333.4,348.1,350.3,341.9,337.7,339.4,335.9,341.6,341.9,342.9,352.7,352.4,351.1,346.4,345.4,348.3,346.1,340.1,349.6,348.5,344.1,345.7,341.9,342.6,343.5,351.6,354.7,354.7,331.6,344.2,343.2,350.7,350.7,350.5,356.2,347.3,351
02:22:30,332.7,346.5,346.8,341.2,340.7,334.4,348.7,350.5,342.6,338.5,340.2,336.7,342.1,342.4,343.4,352.9,352.4,351.2,346.5,345.4,348.5,346.2,340.8,350,348.4,344.8,346,342.7,343.1,344.3,351.3,354.7,354.7,332.7,344.6,343.7,350.7,350.6,350.5,356.2,347.3,351
02:23:31,333.5,346.7,347,341.5,341.2,335.3,348.4,350.6,343.3,339.2,340.8,337.8,342.7,343,343.9,353,352.6,351.4,346.7,345.6,348.7,346.6,341.3,350.2,348.6,345.4,346.3,343,343.3,343.9,351.3,354.7,354.7,333.5,344.9,344.1,350.6,350.6,350.6,356.5,347.4,351
02:24:30,334.5,346.9,347.2,341.9,341.4,336.1,348.2,350.7,343.9,339.8,341.4,338.5,343.1,343.4,344.3,353.1,352.9,351.5,346.9,345.7,348.8,346.7,341.9,349.6,348.6,345.9,346.5,343.7,343.7,344.2,351.6,354.7,354.7,334.5,345.3,344.6,350.6,350.6,350.4,356.3,347.3,351
02:25:31,335.6,347.1,347.5,342.4,341.9,336.9,348.4,350.8,344.4,340.5,342,339.3,343.5,343.9,344.6,353.3,352.9,351.5,346.9,346,349,346.8,342.4,350.2,349.1,346.4,346.7,344.3,344,344.5,351.5,354.7,354.7,335.6,345.6,345.1,350.5,350.5,350.3,356,347.3,351
02:26:30,336.4,347.2,347.6,342.7,342.4,337.6,348.4,350.9,345,340.9,342.6,339.8,343.8,344.1,345.1,353.4,353,351.5,347.1,346,349.1,347,342.7,349.7,349.1,346.6,347.1,344.7,344.2,344.1,351.3,354.5,354.5,336.4,345.9,345.4,350.5,350.6,350.3,356.5,347.5,351
02:27:30,337.2,347.5,347.8,343.1,342.6,338.4,348.6,351,345.5,341.5,343.1,340.3,344.2,344.6,345.5,353.4,353.1,351.6,346.7,346.2,349.3,347.1,343.4,350.2,349.2,347.1,347.2,345.2,344.6,344.2,351.3,354.4,354.4,337.2,346.2,345.8,350.6,350.6,350.4,356.5,347.5,351
02:28:30,338,347.7,348,343.4,342.9,339.1,348.7,351.1,346,341.9,343.4,341,344.5,344.9,345.8,353.4,353.1,351.6,347.3,346.3,349.4,347.3,343.7,350.6,349.3,347.5,347.5,345.7,344.9,344.1,351.2,354.5,354.5,338,346.5,346.3,350.5,350.5,350.4,356.7,347.7,351
02:29:30,338.8,347.9,348.2,343.7,343.4,339.7,348.8,351.2,346.4,342.4,344.1,341.7,344.9,345.3,346.1,353.4,353.3,351.7,347.4,346.4,349.5,347.5,344,350.5,349.3,347.8,347.7,346.1,345.2,344.6,351.3,354.3,354.3,338.8,346.7,346.6,350.7,350.7,350.7,356.5,347.7,351
02:30:31,339.5,348.1,348.3,344.2,343.7,340.4,348.9,351.3,346.8,342.9,344.5,342.3,345.2,345.5,346.4,353.4,353.2,351.8,347.6,346.7,349.8,347.6,344.5,350.3,349.3,347.9,347.8,346.4,345.3,344.4,351.3,354.2,354.2,339.5,347,346.9,350.6,350.5,350.5,356.6,347.8,351
02:31:28,340.4,348.4,348.7,344.6,344,340.8,349.2,351.2,347.1,343.4,345,342.8,345.6,346,346.8,353.4,353.2,351.7,347.7,346.7,349.9,347.8,344.8,350.5,349.4,348.2,348.1,346.7,345.6,344.2,351.1,354.2,354.2,340.4,347.2,347.3,350.7,350.6,350.6,356.4,347.8,351
02:31:30,340.3,348.3,348.6,344.5,344.1,340.9,349.2,351.5,347.2,343.4,345,342.8,345.6,346,346.8,353.4,353.1,351.7,348,346.8,349.9,347.7,344.8,350.8,349.4,348.2,348.1,346.7,345.6,344.6,351.2,354.1,354.1,340.3,347.2,347.2,350.7,350.6,350.6,356.7,347.8,351
02:32:31,340.8,348.5,348.8,344.9,344.3,341.4,349.3,351.5,347.5,343.8,345.5,343.3,345.9,346.2,347.2,353.4,353.2,351.7,347.6,346.8,350,347.9,345.1,350.9,349.7,348.5,348.4,346.9,345.9,344.4,351.2,354,354,340.8,347.5,347.4,350.7,350.8,350.4,357,348.1,351
02:33:30,341.5,348.7,348.9,345.2,344.6,341.9,349.2,351.6,347.8,344.3,345.8,343.7,346.2,346.5,347.4,353.4,353.3,351.7,348.1,347.1,350.1,348.1,345.4,350.7,349.6,348.7,348.5,347.4,346.1,344.8,351.2,354,354,341.5,347.7,347.8,350.9,350.9,350.8,356.9,348,351
02:34:31,342,348.9,349.1,345.3,344.8,342.5,349.3,351.7,348.1,344.7,346.2,344.2,346.5,346.9,347.7,353.4,353.3,351.7,348.8,347.3,350.3,348.3,345.7,350.7,349.8,349.2,348.9,347.6,346.4,344.5,351.2,353.8,353.8,342,347.9,347.9,350.9,351,350.8,356.7,348.2,351
02:35:30,342.6,349,349.2,345.6,345.1,343,349.5,351.7,348.4,345,346.8,344.7,346.6,347,347.8,353.4,353.2,351.7,348.6,347.3,350.4,348.2,345.9,351.2,349.9,349.3,348.9,347.8,346.6,344.7,351.2,353.8,353.8,342.6,348.1,348.2,351,351,350.8,356.5,348.3,351
02:36:31,343.1,349.3,349.4,345.9,345.3,343.5,349.5,351.9,348.7,345.5,346.9,345,347,347.2,348.2,353.4,353.3,351.7,348.9,347.5,350.5,348.4,346.1,351.1,350,349.4,349.2,348.1,346.7,344.9,351.3,353.7,353.7,342.9,348.3,348.3,351,351,350.9,356.7,348.3,351
02:37:30,343.6,349.4,349.5,346,345.5,343.9,349.6,351.8,349,345.8,347.3,345.5,347.2,347.4,348.4,353.4,353.3,351.6,349.1,347.7,350.6,348.4,346.5,351.5,350,349.7,349.2,348.4,346.9,344.9,351.2,353.5,353.5,343.5,348.5,348.5,351,350.9,350.8,356.7,348.3,351
02:38:31,344,349.5,349.7,346.4,345.8,344.4,349.7,352,349.1,346,347.6,345.8,347.5,347.7,348.6,353.4,353.3,351.6,348.9,347.9,350.8,348.7,346.8,351,350.1,349.9,349.6,348.8,347.1,345.2,351.2,353.5,353.5,343.8,348.6,348.7,351.1,351.1,351,356.7,348.4,351
02:39:31,344.4,349.6,349.9,346.6,346.1,344.7,349.8,352,349.4,346.4,347.8,346.2,347.6,347.8,348.8,353.3,353.2,351.6,349,348,350.8,348.7,346.9,351.5,350.2,350.2,349.6,348.9,347.3,345.1,351.2,353.4,353.4,344.2,348.8,348.8,351.1,351.1,350.9,357.1,348.6,351
02:40:30,345,349.8,350,346.9,346.2,345,349.8,352.2,349.4,346.7,348.1,346.4,347.7,348,349,353.3,353.2,351.5,349.4,348.1,351,348.8,347.1,351.9,350.5,350.4,349.7,349.2,347.3,345.1,351.2,353.5,353.5,344.4,349,349,351,351,350.9,356.8,348.5,351
02:41:31,345.4,350,350.1,347,346.4,345.3,349.9,352.1,349.7,346.9,348.4,346.8,348,348.2,349.1,353.3,353.1,351.5,348.9,348.2,351,348.9,347.3,351.4,350.3,350.4,350.1,349.5,347.4,345.3,351.3,353.3,353.3,344.7,349.1,349,351,351,350.8,356.4,348.6,351
02:42:31,345.7,350.1,350.4,347.3,346.7,345.7,350.2,352.2,349.8,347.2,348.6,347.1,348.1,348.4,349.3,353.3,353.2,351.5,349.3,348.4,351.2,348.9,347.3,351.5,350.5,350.5,350.1,349.7,347.7,345.3,351.3,353.4,353.4,345,349.2,349.2,351.3,351.1,351.1,356.7,348.6,351
02:43:30,346.1,350.3,350.4,347.5,346.9,346.1,350.4,352.4,349.9,347.5,348.9,347.4,348.2,348.6,349.5,353.3,353.1,351.4,349.5,348.5,351.1,349.2,347.5,351.4,350.6,350.5,350.2,349.8,347.8,345.2,351.3,353.3,353.3,345.2,349.4,349.3,351.2,351.1,351,356.9,348.7,351
02:44:30,346.6,350.4,350.5,347.6,347.1,346.3,350.3,352.4,350.1,347.7,349.1,347.7,348.4,348.7,349.7,353.1,353.1,351.5,349.6,348.5,351.3,349.1,347.6,351.7,350.7,351,350.5,350.2,347.8,345.4,351.3,353.3,353.3,345.4,349.5,349.4,351.1,351.1,350.9,356.7,348.8,351
02:45:31,346.9,350.5,350.6,347.7,347.2,346.8,350.5,352.4,350.3,347.9,349.3,347.9,348.6,348.8,349.8,353.2,353.1,351.4,349.6,348.5,351.3,349.1,347.7,352,350.7,350.9,350.5,350.4,348,345.7,351.5,353,353.2,345.7,349.6,349.5,351.1,351.2,351,356.9,348.9,351
02:46:30,347.1,350.6,350.8,348,347.4,347.1,350.4,352.5,350.3,348,349.5,348.1,348.7,348.9,350,353.1,353,351.3,349.6,348.6,351.5,349.2,347.8,352,350.7,351,350.7,350.6,348.2,345.3,351.3,353,353.1,345.3,349.7,349.2,351.2,351.2,351.1,356.9,348.9,351
02:47:31,347.6,350.7,350.8,348.2,347.4,347.3,350.3,352.5,350.5,348.3,349.6,348.4,348.9,349.2,350,352.9,353,351.3,349.9,348.8,351.5,349.3,348,351.7,350.9,351,350.7,350.7,348.3,345.8,351.5,353.1,353.1,345.8,349.8,349.5,351.2,351.2,350.9,356.5,348.9,351
02:48:30,347.8,350.8,350.9,348.4,347.7,347.5,350.4,352.6,350.7,348.5,349.9,348.6,348.9,349.2,350.2,353,352.9,351.3,349.8,348.8,351.6,349.3,348.1,352.6,350.9,351.2,350.8,350.9,348.3,346,351.5,353,353,346,350,349.5,351.3,351.1,351.1,356.5,348.9,351
02:49:30,348.1,350.7,350.8,348.4,347.7,347.8,350.4,352.6,350.8,348.5,350,348.7,349.1,349.2,350.3,353,352.7,351.2,349.8,348.7,351.3,349.2,348.2,351.6,350.9,351.3,351,350.8,348.5,345.6,351.5,352.9,353,345.6,349.9,349.3,349.3,349.3,349.1,353.4,349.1,351
02:50:30,348.4,350.8,350.9,348.5,347.9,348,350.5,352.5,350.8,348.7,350,348.9,349,349.3,350.4,352.9,352.7,351,349.7,348.7,351.3,349.2,348.3,351.9,350.7,351.2,350.6,350.8,348.4,345.7,351.3,352.8,352.9,345.7,350,349.3,349.7,349.8,349.7,356.2,349,351
02:51:31,348.6,350.8,351,348.6,348,348,350.5,352.5,350.9,348.8,350.2,349.1,349.2,349.4,350.5,352.8,352.7,350.9,349.8,348.7,351.3,349.2,348.5,351.9,350.9,351.3,350.8,351.1,348.3,345.6,351.3,352.8,352.8,345.6,350,349.2,351,350.9,350.8,357.6,349.2,351
02:52:30,348.8,351,351.1,348.8,348.2,348.3,350.3,352.6,350.8,349.1,350.5,349.3,349.3,349.6,350.6,352.8,352.7,351,350.1,349,351.6,349.4,348.5,351.7,351,351.5,350.8,351.2,348.5,345.7,351.3,352.6,352.8,345.7,350.1,349.3,351.4,351.4,351.3,357.7,349.1,351
02:53:30,348.9,351.2,351.3,349,348.3,348.4,350.5,352.5,350.9,349.3,350.7,349.5,349.5,349.7,350.7,352.8,352.8,351.2,350.2,349.1,351.7,349.6,348.5,352,350.9,351.5,350.9,351.2,348.6,346.1,351.5,352.7,352.8,346.1,350.3,349.5,351.6,351.6,351.5,357.2,349.2,351
02:54:31,349.2,351.3,351.4,349.1,348.4,348.6,350.8,352.7,350.9,349.4,350.8,349.7,349.6,349.8,350.8,352.9,352.8,351.2,350.3,349.2,351.9,349.7,348.6,351.9,351,351.5,351.1,351.5,348.8,346.2,351.6,352.7,352.9,346.2,350.4,349.6,351.6,351.5,351.3,356.7,349.2,351
02:55:30,349.3,351.3,351.4,349.2,348.5,348.8,350.6,352.7,351,349.6,350.9,349.8,349.6,349.9,350.9,352.8,352.8,351.2,350.4,349.2,351.8,349.8,348.7,352.6,351,351.6,351.4,351.6,348.8,346.3,351.5,352.6,352.8,346.3,350.5,349.6,351.4,351.4,351.2,357,349.2,351
02:56:30,349.6,351.4,351.5,349.4,348.6,348.9,351.1,352.8,351.1,349.6,351,349.9,349.6,349.9,350.9,352.8,352.7,351.1,350.7,349.4,352,349.8,348.8,352.7,350.9,351.4,351.4,351.5,348.9,346.1,351.5,352.5,352.8,346.1,350.5,349.5,351.3,351.3,351.2,355.9,348.9,351
02:57:30,349.7,351.4,351.5,349.3,348.6,349,350.7,352.7,351.2,349.7,351,350,349.8,350,351,352.7,352.6,351,350.2,349.4,351.8,349.8,348.9,352.3,350.8,351.5,351.2,351.9,348.9,345.7,351.5,352.5,352.7,345.7,350.5,349.2,350.4,350.5,350.4,355.9,349.2,351
02:58:31,349.8,351.4,351.6,349.3,348.8,349.1,350.9,352.7,351.2,349.9,351.2,350.2,349.8,350.1,351,352.6,352.6,350.8,350.5,349.3,351.8,349.7,348.9,352.6,351.2,351.6,351.3,351.8,349,346,351.5,352.3,352.7,346,350.6,349.3,350.9,350.9,350.8,356.7,349.3,351
02:59:31,350,351.5,351.7,349.4,348.8,349.3,351,352.8,351.3,350,351.3,350.3,349.8,350.1,351,352.6,352.5,350.8,350.5,349.4,351.8,349.8,349.1,351.9,351.3,351.7,351.8,351.6,349.1,345.9,351.5,352.3,352.8,345.9,350.6,349.3,351.3,351.3,351.2,357,349.3,351
03:00:31,350.2,351.6,351.8,349.6,348.9,349.4,350.8,352.8,351.3,350.1,351.5,350.4,350,350.1,351.2,352.6,352.6,350.8,350.6,349.4,351.9,349.8,349,352.4,351.5,352,351.8,352.2,349.1,345.9,351.3,352.3,352.8,345.9,350.7,349.3,351.4,351.4,351.3,357.2,349.2,351
03:01:30,350.2,351.8,351.8,349.6,348.9,349.5,350.9,352.8,351.4,350.2,351.6,350.5,350,350.3,351.3,352.6,352.5,350.9,350.6,349.5,351.9,349.9,349.1,352.4,351.3,351.9,351.8,352.1,349.2,346.1,351.6,352.3,352.8,346.1,350.8,349.4,351.4,351.3,351.1,356,349.3,351
03:02:31,350.4,351.8,351.8,349.7,349,349.7,351.1,352.9,351.4,350.2,351.6,350.6,350.1,350.3,351.2,352.6,352.4,350.8,350.8,349.6,351.9,349.9,349.3,351.7,351.3,351.6,351.7,352.1,349.2,346.3,351.6,352.3,352.9,346.3,350.8,349.6,350.7,350.8,350.6,356,349.1,351
03:03:31,350.5,351.8,351.8,349.8,349.2,349.8,350.8,352.9,351.4,350.2,351.7,350.7,350.1,350.3,351.2,352.7,352.4,350.7,350.6,349.4,351.9,349.9,349.2,352.8,351.5,351.9,351.7,352.2,349.1,346.4,351.6,352.3,352.9,346.4,350.8,349.6,350.9,350.9,350.8,356.4,349.1,351
03:04:31,350.7,351.8,351.9,349.8,349,349.9,350.8,352.9,351.5,350.3,351.8,350.8,350.1,350.3,351.3,352.4,352.4,350.7,350.7,349.5,351.9,349.8,349.3,352.6,351.4,351.8,351.8,352.2,349.2,346.2,351.5,352.2,352.9,346.2,350.8,349.5,350.8,351.2,350.7,356.2,349.1,351
03:05:30,350.7,351.8,351.9,349.8,349.1,350.1,350.8,352.8,351.5,350.3,351.9,350.8,350,350.4,351.4,352.4,352.3,350.7,350.7,349.5,352,349.9,349.4,352.2,351.2,351.7,351.7,352.2,349.3,346.5,351.6,352.2,352.8,346.5,350.8,349.6,351,351,350.8,356.4,349.2,351
03:06:31,350.9,351.8,351.9,349.9,349.2,350.2,350.9,352.9,351.6,350.4,351.9,350.9,350.1,350.5,351.4,352.5,352.2,350.7,350.9,349.6,352.1,349.9,349.3,352.4,351.4,351.8,351.7,352.3,349.2,346.3,351.6,352,352.9,346.3,350.9,349.6,351.1,351.1,350.9,356.7,349.1,351
03:07:30,350.9,351.8,351.9,349.9,349.2,350.2,350.8,352.9,351.5,350.5,351.9,351,350.2,350.4,351.4,352.4,352.2,350.6,351,349.7,352.1,349.9,349.3,352.3,351.4,351.9,351.9,352.4,349.2,346.3,351.5,352,352.9,346.3,350.9,349.6,350.8,350.8,350.7,356.1,349.1,351
03:08:30,351,351.8,351.9,350,349.2,350.3,350.9,353,351.7,350.6,352,351,350.2,350.5,351.5,352.4,352.1,350.6,350.6,349.6,352,349.9,349.4,352.6,351.3,351.8,351.7,352.3,349.3,346.1,351.6,352,353,346.1,350.9,349.5,350.7,350.7,350.6,356.1,349.1,351
03:09:30,351.1,351.9,351.9,350,349.4,350.4,351,353,351.7,350.6,352.1,351.1,350.3,350.5,351.5,352.3,352.1,350.5,351,349.7,352.1,349.9,349.4,352.3,351.4,351.9,351.8,352.2,349.3,346.4,351.6,351.8,353,346.4,350.9,349.7,350.8,350.8,350.8,356.5,349,351
03:10:30,351.2,351.9,352,350.1,349.3,350.4,350.9,352.9,351.7,350.7,352,351.2,350.3,350.6,351.5,352.3,352.1,350.5,350.8,349.7,352.1,349.9,349.5,352.6,351,351.8,351.7,352.2,349.3,346.4,351.5,351.9,352.9,346.4,350.9,349.6,351,351,350.8,356.3,349.3,351
03:11:30,351.3,351.9,351.9,350.1,349.4,350.5,350.8,352.9,351.7,350.7,352.2,351.2,350.4,350.6,351.5,352.3,352.1,350.4,350.4,349.7,352.1,349.9,349.4,352.2,351.4,352.1,352,352.5,349.3,346.5,351.6,352,352.9,346.5,351,349.7,350.8,350.7,350.6,356.1,349.1,351
03:12:31,351.4,351.9,351.9,350.1,349.4,350.6,350.9,352.9,351.7,350.9,352.2,351.5,350.3,350.5,351.5,352.2,352.1,350.5,351.3,349.8,352.1,349.9,349.4,352.7,351.5,351.9,352.2,352.6,349.4,346.5,351.6,351.9,352.9,346.5,351,349.7,350.7,350.7,350.5,356.4,349.2,351
03:13:30,351.3,352,352,350.1,349.4,350.7,350.9,352.9,351.8,350.8,352.3,351.5,350.4,350.6,351.6,352.2,352.1,350.5,351.1,349.7,352.1,349.9,349.5,352.3,351.4,352.1,352,352.6,349.4,347,351.7,351.9,352.9,347,351.1,349.9,350.8,350.8,350.7,356.6,349.1,351
03:14:31,351.6,352,352,350.2,349.3,350.7,350.9,353,351.7,350.9,352.2,351.5,350.4,350.7,351.7,352.3,351.9,350.5,351.1,349.7,352.1,349.9,349.5,352.4,351.4,351.9,351.8,352.7,349.4,346.6,351.7,351.9,353,346.6,351.1,349.8,351,350.9,350.8,356.4,349.1,351
03:15:30,351.5,352,352,350.2,349.5,350.7,350.9,353,351.8,351,352.4,351.6,350.5,350.6,351.6,352.2,352,350.4,351,349.7,352.1,350,349.6,352.7,351.5,352,352,352.5,349.5,346.8,351.6,351.8,353,346.8,351.1,349.9,350.8,350.8,350.7,356.4,349,351
03:16:31,351.6,352,352.1,350.2,349.5,350.9,350.9,352.9,351.7,350.9,352.4,351.5,350.5,350.7,351.7,352.1,352,350.3,350.6,349.7,352.1,349.9,349.6,352.5,351.1,351.7,351.9,352.5,349.4,346.6,351.7,351.8,352.9,346.6,351,349.7,350.9,350.8,350.8,356,349.1,351
03:17:31,351.6,352,351.9,350.1,349.5,350.8,350.9,352.9,351.7,350.9,352.4,351.6,350.4,350.7,351.7,352.2,351.9,350.4,351,349.8,352.2,350,349.6,352,351.3,351.8,351.9,352.5,349.5,346.5,351.7,351.8,352.9,346.5,351,349.7,350.8,350.8,350.7,355.9,349.1,351
03:18:31,351.6,351.9,352,350.2,349.6,350.9,350.8,352.9,351.6,351,352.4,351.6,350.5,350.8,351.7,352.1,351.8,350.3,351,349.7,352.1,349.9,349.5,352.2,351.2,352,352,352.4,349.5,346.7,351.6,351.8,352.9,346.7,351,349.8,350.2,350.3,350.1,355.4,349,351
03:19:31,351.7,351.9,351.9,350.2,349.5,350.9,350.8,352.8,351.7,351,352.4,351.6,350.6,350.8,351.8,352.1,351.8,350.2,350.8,349.5,352,349.9,349.4,352.1,351.2,351.6,351.7,352.5,349.5,346.8,351.6,351.8,352.8,346.8,351,349.8,350.3,350.4,350.2,356.1,349.1,351
03:20:30,351.8,351.9,351.9,350.2,349.5,350.9,350.7,352.8,351.6,351.1,352.5,351.7,350.5,350.8,351.7,352,351.8,350.2,350.9,349.6,352,349.9,349.5,352.6,351.1,351.8,351.8,352.5,349.5,346.5,351.6,351.7,352.8,346.5,351,349.6,350.7,350.7,350.5,356.3,348.6,351
03:21:30,351.8,352,352,350.2,349.6,351,350.8,352.8,351.5,351.1,352.5,351.7,350.4,350.7,351.7,351.9,351.7,350.1,350.8,349.6,352,349.8,349.5,352.2,351,351.6,351.7,352.2,349.5,346.5,351.6,351.6,352.8,346.5,351,349.6,350.4,350.4,350.3,355.8,349.2,351
03:22:31,351.9,352,352,350.3,349.6,351,350.8,352.8,351.7,351,352.5,351.8,350.5,350.7,351.8,351.9,351.7,350.2,350.7,349.6,351.9,349.8,349.6,352.1,351,351.5,351.7,352.5,349.5,346.6,351.5,351.6,352.8,346.6,351,349.7,350.3,350.4,350.3,356.2,349.2,351
03:23:31,351.9,352,352.1,350.4,349.6,351.1,350.8,352.8,351.6,351.1,352.4,351.7,350.3,350.6,351.7,351.9,351.6,350.1,351,349.6,352,349.8,349.5,352.1,351,351.5,351.6,352.4,349.5,346.5,351.6,351.5,352.8,346.5,351,349.6,350.7,350.7,350.6,356.2,349.2,351
03:24:31,351.9,352.1,352.1,350.3,349.6,351.1,350.8,352.9,351.7,351,352.5,351.7,350.5,350.7,351.7,351.9,351.6,350.1,351.1,349.8,352,350,349.5,352,350.8,351.5,351.7,352.5,349.4,346.9,351.6,351.5,352.9,346.9,351,349.9,350.7,350.6,350.6,355.5,349.2,351
03:25:31,351.9,352.1,352.1,350.3,349.6,351.1,350.9,352.9,351.7,351,352.5,351.7,350.5,350.8,351.8,351.9,351.6,350,351.1,349.7,352.1,349.9,349.5,352.1,350.9,351.6,351.5,352.2,349.5,347,351.5,351.4,352.9,347,351,349.9,350.5,350.4,350.3,355.7,349.2,351
03:26:30,352.1,352.1,352.1,350.4,349.6,351.1,351,352.8,351.7,351,352.4,351.7,350.4,350.7,351.8,351.9,351.6,350,350.8,349.7,351.9,349.8,349.6,352.2,351.2,351.6,351.7,352.5,349.5,346.6,351.6,351.5,352.8,346.6,351,349.7,350.4,350.5,350.3,355.8,349.3,351
03:27:30,352,352,352.1,350.3,349.7,351.1,350.8,352.7,351.6,351,352.4,351.8,350.5,350.8,351.7,351.7,351.6,350,351.1,349.9,352,349.9,349.6,352.1,351,351.6,351.7,352.6,349.5,346.5,351.3,351.4,352.7,346.5,351,349.6,350.6,350.7,350.5,356.2,349.3,351
03:28:30,352,352.2,352,350.4,349.6,351.1,350.8,352.7,351.6,351.1,352.4,351.8,350.4,350.8,351.7,351.8,351.6,349.9,351,349.9,352.1,349.9,349.5,352.1,351,351.5,351.8,352.4,349.5,346.3,351.5,351.5,352.7,346.3,351,349.5,350.6,350.5,350.4,355.8,349.3,351
03:29:31,352.1,352.1,352,350.4,349.7,351.1,350.7,352.7,351.5,351.1,352.5,351.8,350.5,350.7,351.7,351.8,351.6,349.9,351,349.7,352,349.9,349.5,352.2,351,351.7,351.8,352.4,349.6,346.5,351.3,351.3,352.7,346.5,351,349.6,350.5,350.4,350.3,355.8,349.3,351
03:30:30,352.1,352.1,352.1,350.4,349.7,351.2,350.8,352.7,351.7,351.1,352.5,351.8,350.5,350.9,351.7,351.7,351.6,349.8,351,349.7,352,349.9,349.6,351.8,351.2,351.6,351.7,352.5,349.5,346.8,351.5,351.3,352.7,346.8,351,349.7,350.6,350.6,350.5,356.2,349.2,351
03:31:31,352,352.1,352.1,350.4,349.7,351.2,350.7,352.7,351.5,351.1,352.5,351.7,350.4,350.8,351.7,351.8,351.5,349.9,351.1,349.8,352.1,349.8,349.6,352.2,350.9,351.6,351.7,352.4,349.6,346.9,351.6,351.3,352.7,346.9,351,349.8,350.9,350.8,350.6,356,349.3,351
03:32:31,352.1,352.2,352.1,350.4,349.7,351.2,350.7,352.8,351.6,351.1,352.5,351.8,350.5,350.8,351.7,351.7,351.5,350,351,349.7,352.1,350,349.6,352.6,351.1,351.6,351.9,352.4,349.5,346.8,351.6,351.4,352.8,346.8,351.1,349.8,350.8,350.8,350.6,356.1,349.3,351
03:33:31,352.1,352.2,352.1,350.5,349.7,351.2,350.8,352.6,351.5,351.2,352.5,351.8,350.5,350.7,351.7,351.7,351.6,350,351.1,349.7,352.1,349.9,349.7,352.2,351.1,351.7,352,352.6,349.5,346.9,351.6,351.3,352.6,346.9,351.1,349.7,350.7,350.7,350.6,356,349.3,351
03:34:30,352.3,352.1,352.1,350.4,349.7,351.2,350.8,352.7,351.5,351.1,352.5,351.8,350.5,350.8,351.7,351.7,351.5,350,351.1,349.7,352,349.9,349.6,352.2,351.2,351.6,352,352.7,349.7,346.8,351.6,351.3,352.7,346.8,351.1,349.7,350.6,350.7,350.6,356.2,349.4,351
03:35:30,352.1,352.1,352.1,350.5,349.7,351.3,350.8,352.7,351.5,351.1,352.5,351.8,350.5,350.8,351.7,351.8,351.6,350,351.1,349.8,352.1,349.9,349.7,352.4,351.3,351.8,352,352.7,349.6,346.6,351.6,351.3,352.7,346.6,351.1,349.6,350.6,350.6,350.6,356.4,349.3,351
03:36:31,352.1,352.2,352.2,350.5,349.8,351.2,350.8,352.7,351.5,351.1,352.4,351.8,350.5,350.8,351.7,351.8,351.6,350,351,349.9,352.1,349.9,349.7,352.6,351.2,351.8,351.9,352.8,349.6,347,351.6,351.3,352.8,347,351.1,349.9,350.6,350.6,350.5,356,349.2,351
03:37:31,352.3,352.2,352.2,350.5,349.7,351.2,350.8,352.7,351.5,351.1,352.5,351.8,350.4,350.8,351.8,351.8,351.6,349.9,351,349.7,352.1,349.9,349.6,351.7,350.9,351.4,351.6,352.4,349.6,346.8,351.6,351.3,352.7,346.8,351,349.7,350.6,350.6,350.4,356.1,349.3,351
03:38:31,352.2,352.2,352.2,350.5,349.6,351.2,350.8,352.7,351.6,351.1,352.5,351.8,350.5,350.8,351.7,351.7,351.6,350,351.3,349.7,352,349.8,349.5,352.2,350.9,351.5,351.5,352.6,349.5,347,351.6,351.4,352.7,347,351.1,349.8,350.3,350.3,350.1,355.3,349.5,351
03:39:32,352.3,352.2,352.2,350.4,349.7,351.3,350.7,352.7,351.5,351.1,352.4,351.8,350.5,350.8,351.8,351.8,351.4,349.9,350.9,349.6,351.9,349.9,349.6,352.1,350.9,351.4,351.8,352.3,349.6,346.8,351.6,351.3,352.7,346.8,351,349.7,350.3,350.3,350.1,355.8,349.4,351
03:40:30,352.3,352.2,352.1,350.4,349.8,351.2,350.7,352.6,351.3,351.1,352.5,351.8,350.4,350.7,351.7,351.7,351.5,349.8,351.1,349.7,352,349.9,349.5,351.8,350.9,351.3,351.8,352.4,349.6,347.2,351.6,351.3,352.6,347.2,351,349.9,350.3,350.5,350.3,356.2,349.3,351
03:41:30,352.3,352.2,352.1,350.5,349.8,351.1,350.8,352.5,351.5,351.1,352.4,351.8,350.5,350.8,351.7,351.7,351.5,349.9,351.2,349.6,351.9,350,349.6,351.7,350.9,351.5,351.8,352.4,349.6,347.1,351.6,351.3,352.5,347.1,351,349.8,350.6,350.5,350.4,356,348.8,351
03:42:31,352.3,352.2,352.1,350.6,349.7,351.2,350.8,352.6,351.6,351.2,352.5,351.8,350.5,350.9,351.7,351.7,351.4,349.8,350.9,349.7,352,349.9,349.5,352.3,351.1,351.4,351.8,352.5,349.6,346.7,351.7,351.3,352.6,346.7,351.1,349.6,350.3,350.2,350.1,355.5,349.3,351
03:43:31,352.3,352.1,352.1,350.5,349.8,351.4,350.8,352.7,351.5,351.1,352.4,351.7,350.5,350.8,351.7,351.6,351.4,349.7,351.3,349.7,351.9,349.8,349.5,351.4,351,351.4,351.7,352.6,349.6,346.8,351.6,351.3,352.7,346.8,351,349.7,350.3,350.3,350.2,356.1,349.3,351
03:44:31,352.3,352.2,352.1,350.6,349.8,351.3,350.9,352.7,351.5,351.2,352.7,352,350.6,350.9,351.9,351.7,351.3,349.7,350.9,349.5,351.9,349.8,349.5,352.2,350.8,351.4,351.7,352.4,349.6,347,351.6,351.3,352.7,347,351.1,349.8,350.4,350.4,350.3,356.2,349.4,351
03:45:30,352.3,352.2,352.2,350.4,349.9,351.3,350.8,352.7,351.5,351.3,352.6,351.9,350.5,350.8,351.8,351.6,351.3,349.7,350.7,349.5,352,349.8,349.5,351.9,351,351.5,351.7,352.4,349.6,346.8,351.5,351.2,352.7,346.8,351,349.7,350.4,350.4,350.3,355.9,349.2,351
03:46:31,352.2,352.1,352.1,350.4,349.8,351.3,350.8,352.7,351.5,351.3,352.7,351.9,350.5,350.8,351.8,351.6,351.3,349.7,351,349.6,352,349.8,349.5,352.4,350.9,351.3,351.9,352.4,349.6,347.2,351.6,351.1,352.7,347.2,351,349.9,350.4,350.3,350.3,355.7,349.4,351
03:47:31,352.2,352.1,352.1,350.4,349.7,351.4,350.8,352.5,351.5,351.3,352.5,351.9,350.5,350.8,351.8,351.6,351.4,349.6,351.1,349.7,351.9,349.8,349.5,352.1,350.8,351.6,351.7,352.5,349.7,347,351.8,351.1,352.5,347,351,349.7,350.3,350.3,350.1,356,349.4,351
03:48:31,352.3,352.1,352.1,350.4,349.8,351.2,350.7,352.6,351.4,351.3,352.5,351.9,350.6,350.8,351.8,351.6,351.2,349.6,351,349.7,351.8,349.7,349.5,352.1,350.8,351.3,351.8,352.4,349.5,346.9,351.6,351.1,352.6,346.9,351,349.7,350.4,350.4,350.3,356.2,349.4,351
03:49:31,352.2,352.1,352.1,350.5,349.7,351.3,350.7,352.7,351.4,351.3,352.5,352,350.5,350.8,351.7,351.6,351.2,349.7,351.3,349.7,351.9,349.8,349.5,351.7,350.8,351.6,351.8,352.3,349.6,347,351.6,351.1,352.7,347,351,349.8,350.4,350.5,350.4,356.1,349.4,351
03:50:30,352.2,352.1,352.1,350.5,349.7,351.2,350.8,352.5,351.4,351.1,352.5,351.8,350.5,350.7,351.7,351.6,351.3,349.7,350.7,349.6,352,349.8,349.5,351.9,350.8,351.3,351.7,352.4,349.5,346.7,351.3,351,352.5,346.7,351,349.6,350.5,350.5,350.5,355.8,349.4,351
03:51:31,352.3,352,352.1,350.4,349.7,351.2,350.6,352.5,351.3,351.1,352.5,351.8,350.4,350.8,351.7,351.6,351.2,349.6,350.9,349.6,352,349.8,349.4,352.1,350.8,351.1,351.7,352.3,349.7,346.9,351.5,351.1,352.5,346.9,351,349.7,350.2,350.1,350,355.5,349.4,351
03:52:31,352.2,352.1,352.1,350.5,349.7,351.3,350.6,352.5,351.4,351.1,352.4,351.8,350.3,350.7,351.7,351.5,351.2,349.6,350.9,349.6,351.8,349.8,349.5,352.4,350.9,351.5,351.7,352.1,349.5,347,351.6,351,352.5,347,351,349.7,350.2,350.2,350.1,355.7,349.4,351
03:53:31,352.3,352.1,352.1,350.4,349.7,351.3,350.6,352.5,351.4,351.1,352.4,351.8,350.5,350.6,351.7,351.6,351.2,349.6,351,349.6,351.9,349.8,349.5,351.9,350.8,351.1,351.7,352.5,349.5,346.8,351.5,351,352.5,346.8,350.9,349.6,350.4,350.5,350.4,356,349.4,351
03:54:31,352.3,352.1,352,350.4,349.8,351.2,350.7,352.5,351.4,351.2,352.5,351.8,350.4,350.8,351.6,351.5,351.3,349.7,351.1,349.7,351.9,349.9,349.5,352.1,350.7,351,351.5,352.5,349.6,346.9,351.3,351,352.5,346.9,351,349.7,350.2,350.2,350.1,355.3,349.5,351
03:55:31,352.3,352.1,352.1,350.4,349.7,351.3,350.7,352.4,351.3,351.1,352.4,351.7,350.4,350.6,351.5,351.5,351.2,349.5,351,349.6,351.8,349.8,349.6,351.8,350.7,351.3,351.6,352.4,349.6,346.6,351.3,351,352.4,346.6,350.9,349.5,350.2,350.1,350,355.8,349.5,351
03:56:30,352.3,352,352.1,350.4,349.8,351.2,350.9,352.5,351.3,351.1,352.3,351.8,350.3,350.6,351.5,351.6,351.2,349.7,351.1,349.7,351.9,349.8,349.5,351.7,350.7,351.1,351.8,352.4,349.6,346.8,351.3,350.9,352.5,346.8,350.9,349.6,350.2,350.4,350.1,356.2,349.5,351
03:57:30,352.3,352.1,352.1,350.5,349.7,351.2,350.8,352.4,351.3,351.1,352.4,351.8,350.3,350.6,351.5,351.5,351.2,349.7,351,349.7,351.9,349.9,349.6,351.7,350.7,351.2,351.5,352.5,349.6,347.4,351.6,351,352.5,347.4,351,349.9,350.6,350.6,350.5,356.2,349.6,351
03:58:30,352.3,352.2,352,350.5,349.8,351.2,350.8,352.4,351.3,351.1,352.4,351.8,350.4,350.6,351.5,351.3,351.1,349.6,351.1,349.7,351.9,349.9,349.4,351.7,350.9,351.2,351.8,352.4,349.6,347,351.6,351.1,352.4,347,351,349.7,350.6,350.6,350.4,355.9,349.4,351
03:59:30,352.3,352.2,352.2,350.4,349.8,351.4,351,352.5,351.5,351.1,352.5,351.7,350.3,350.6,351.5,351.4,351.2,349.5,350.9,349.5,352,350,349.5,352.1,351.1,351.3,351.7,352.3,349.7,347,351.6,351.1,352.5,347,351,349.7,350.6,350.5,350.3,355.7,349.5,351
04:00:30,352.3,352.2,352.1,350.6,349.8,351.3,350.9,352.4,351.3,351.1,352.4,351.9,350.4,350.8,351.7,351.4,351,349.5,351.3,349.8,352,349.9,349.4,352.1,350.9,351.3,351.7,352.5,349.7,346.8,351.7,351.1,352.5,346.8,351,349.6,350.2,350.2,350,355.6,349.5,351
04:01:30,352.3,352,352.1,350.5,349.7,351.3,350.6,352.4,351.3,351.2,352.5,351.8,350.5,350.6,351.6,351.3,351.1,349.5,351.1,349.7,352,349.9,349.5,352.1,350.9,351.4,351.7,352.5,349.7,347.1,351.6,351,352.5,347.1,351,349.8,350.4,350.3,350.2,356.1,349.5,351
04:02:30,352.3,352.1,352.1,350.5,349.7,351.3,350.8,352.4,351.3,351.1,352.5,352,350.4,350.7,351.6,351.4,351,349.5,350.9,349.7,351.9,349.9,349.5,352,350.9,351.5,351.9,352.4,349.7,347.2,351.7,351,352.5,347.2,351,349.8,350.4,350.4,350.2,355.8,349.4,351
04:03:30,352.2,352,352,350.5,349.6,351.3,351.2,352.5,351.3,351.2,352.5,351.8,350.4,350.7,351.5,351.4,351.2,349.6,351.2,349.8,351.9,349.9,349.5,351.8,350.7,351.1,351.8,352.4,349.6,347.3,351.8,351.1,352.5,347.3,351,349.9,350.4,350.5,350.3,356,349.5,351
04:04:30,352.1,352,352,350.4,349.7,351.3,350.8,352.5,351.3,351.1,352.5,351.8,350.5,350.7,351.5,351.4,351.2,349.5,350.8,349.6,351.8,349.8,349.5,351.5,350.7,351.2,351.7,352.2,349.7,347.2,351.7,351.1,352.5,347.2,350.9,349.8,350.4,350.4,350.3,355.9,349.5,351
04:05:31,352.2,352,352,350.4,349.6,351.3,351.1,352.5,351.3,351.1,352.4,351.8,350.3,350.8,351.5,351.4,351.1,349.5,351,349.6,351.8,349.8,349.4,351.7,350.7,351.1,351.5,352.5,349.6,347.1,351.7,351.1,352.5,347.1,350.9,349.8,350.4,350.5,350.2,355.8,349.4,351
04:06:31,352.2,352.1,351.9,350.3,349.6,351.4,350.7,352.5,351.3,351.1,352.5,351.8,350.4,350.7,351.5,351.4,351.2,349.5,351.1,349.6,351.9,349.8,349.4,351.4,350.7,351.1,351.7,352.4,349.6,347.2,351.7,351,352.5,347.2,350.9,349.8,350.5,350.5,350.3,356,349.6,351
04:07:31,352.2,352,352,350.4,349.6,351.3,350.8,352.5,351.3,351.2,352.3,351.7,350.3,350.6,351.6,351.4,351.1,349.5,351.1,349.7,351.8,349.8,349.4,352,350.6,351.2,351.8,352.5,349.6,347.1,351.7,351.1,352.5,347.1,350.9,349.8,350.4,350.4,350.3,355.8,349.4,351
04:08:30,352.3,352.1,352,350.5,349.7,351.3,350.6,352.5,351.3,351.1,352.4,351.8,350.4,350.6,351.5,351.3,351.1,349.6,350.7,349.6,351.9,349.8,349.4,351.9,350.5,351,351.6,352.2,349.5,347.2,351.7,351.1,352.5,347.2,350.9,349.8,350.4,350.3,350.2,355.7,349.4,351
04:09:30,352.2,352.1,352.1,350.4,349.7,351.4,350.7,352.4,351.3,351.1,352.4,351.7,350.3,350.7,351.6,351.3,351,349.5,351,349.7,351.9,349.9,349.6,351.8,350.6,351.1,351.7,352.3,349.7,347.2,351.7,351,352.4,347.2,350.9,349.8,350.3,350.2,350.2,355.9,349.6,351
04:10:31,352.2,352,352.1,350.4,349.7,351.4,350.7,352.4,351.3,351.1,352.3,351.7,350.4,350.6,351.6,351.3,351,349.5,351.1,349.8,351.9,349.8,349.4,351.4,351,351.4,351.7,352.4,349.7,346.8,351.6,351,352.4,346.8,350.9,349.6,350.2,350.3,350.1,355.5,349.5,351
04:11:30,352.3,352,352,350.3,349.6,351.4,350.7,352.3,351.3,351.1,352.5,351.9,350.4,350.7,351.7,351.3,351,349.4,351.1,349.8,351.9,349.9,349.5,351.2,350.7,351.1,351.5,352.1,349.7,347,351.7,351,352.5,347,350.9,349.7,350.2,350.1,350.1,355.7,349.5,351
04:12:30,352.3,352,351.9,350.4,349.7,351.4,350.6,352.5,351.3,351.1,352.5,351.8,350.4,350.7,351.6,351.3,351,349.4,351.4,349.7,351.9,349.9,349.5,351.9,350.7,351.2,351.6,352.3,349.6,347.1,351.6,351,352.5,347.1,350.9,349.8,350.2,350.3,350.2,355.8,349.5,351
04:13:30,352.2,352,352,350.4,349.6,351.4,350.6,352.5,351.3,351.2,352.4,351.9,350.5,350.7,351.7,351.4,351,349.5,351.1,349.7,351.9,349.8,349.5,351.5,350.6,351.1,351.6,352.5,349.8,346.8,351.6,351,352.5,346.8,350.9,349.6,350.2,350.4,350.1,355.9,349.3,351
04:14:31,352.2,352,352,350.4,349.6,351.3,350.6,352.4,351.3,351.1,352.5,351.8,350.3,350.7,351.7,351.2,351,349.4,350.8,349.7,351.9,349.8,349.4,351.8,350.8,351.2,351.7,352.4,349.7,347,351.5,350.9,352.5,347,350.9,349.7,350.2,350.2,350.1,355.5,349.5,351
04:15:30,352.1,352,352.1,350.4,349.7,351.2,350.5,352.4,351.3,351.1,352.5,351.8,350.4,350.7,351.6,351.2,351,349.3,351,349.5,351.8,349.8,349.5,352.1,350.7,351.1,351.5,352.2,349.5,347.1,351.7,350.9,352.5,347.1,350.9,349.8,350.2,350.2,350.2,355.9,349.5,351
04:16:30,352.3,352.1,352,350.4,349.8,351.2,350.6,352.4,351.1,351.1,352.4,351.8,350.3,350.7,351.7,351.3,351,349.3,351,349.6,351.8,349.8,349.3,351.8,350.8,351.2,351.7,352.5,349.6,347.1,351.6,351.1,352.5,347.1,350.9,349.8,350.2,350.2,350.2,355.7,349.6,351
04:17:31,352.2,352,352,350.4,349.7,351.2,350.6,352.4,351.2,351.1,352.4,351.8,350.3,350.6,351.6,351.3,351,349.4,350.9,349.7,351.8,349.8,349.5,351.7,350.6,351,351.7,352.2,349.6,347.1,351.6,351.1,352.4,347.1,350.9,349.7,350.4,350.3,350.2,355.7,349.5,351
04:18:31,352.1,352.1,352,350.4,349.7,351.2,350.6,352.3,351.1,351.1,352.4,351.8,350.3,350.8,351.6,351.3,351,349.4,350.8,349.6,351.8,349.8,349.4,351.7,350.7,351,351.5,352.4,349.6,347,351.6,351,352.4,347,350.9,349.7,350.2,350.3,350.1,355.6,349.6,351
04:19:30,352.2,351.9,351.9,350.4,349.6,351.2,350.5,352.3,351.1,351.3,352.4,351.8,350.3,350.6,351.5,351.1,351,349.3,351.1,349.6,351.8,349.8,349.4,351.9,350.7,351,351.6,352.2,349.5,347.2,351.7,351,352.4,347.2,350.9,349.8,350.2,350.2,350,355.5,349.6,351
04:20:31,352.1,351.9,351.9,350.3,349.6,351.2,350.6,352.4,351.1,351.1,352.4,351.8,350.3,350.6,351.5,351.2,351,349.3,351,349.5,351.8,349.8,349.4,351.8,350.7,351.3,351.6,352.2,349.6,347.1,351.6,351,352.4,347.1,350.9,349.7,350.1,350.1,350,355.3,349.6,351
04:21:30,352.1,351.9,351.9,350.3,349.5,351.2,350.6,352.3,351.2,351.1,352.5,351.7,350.3,350.7,351.5,351.2,351,349.4,350.9,349.5,351.8,349.7,349.3,351.7,350.5,351.1,351.7,352.3,349.6,346.7,351.6,350.9,352.5,346.7,350.8,349.6,350.2,350.2,350.1,355.6,349.5,351
04:22:31,352.1,351.9,351.9,350.3,349.6,351.2,350.5,352.2,351.2,351.1,352.4,351.8,350.3,350.6,351.5,351.1,351,349.3,350.9,349.5,351.8,349.8,349.3,350.8,350.7,351.1,351.4,352.3,349.5,347.4,351.7,351,352.4,347.4,350.8,349.9,350.2,350.2,350.1,355.6,349.6,351
04:23:30,352.1,352,351.9,350.4,349.6,351.2,350.5,352.3,351.1,351.1,352.5,351.8,350.4,350.6,351.5,351.1,351,349.3,351.1,349.5,351.8,349.7,349.5,351.5,350.6,351.1,351.5,352.1,349.5,346.7,351.6,350.8,352.5,346.7,350.8,349.6,350.2,350.2,350.1,355.5,349.6,351
04:24:31,352.2,352.1,352,350.4,349.6,351.3,350.6,352.2,351.1,351.1,352.4,351.8,350.3,350.7,351.6,351.2,351,349.4,351.1,349.6,351.8,349.7,349.3,351.5,350.4,350.8,351.5,352.1,349.6,346.8,351.6,350.9,352.4,346.8,350.8,349.6,350.2,350.2,350.1,355.9,349.5,351
04:25:30,352.1,352,352,350.4,349.6,351.2,350.6,352.3,351.1,351.1,352.5,351.8,350.4,350.6,351.5,351.3,351,349.4,351,349.6,351.9,349.8,349.4,351.6,350.4,350.8,351.6,352.3,349.5,347.4,351.8,351,352.5,347.4,350.9,349.9,350.2,350.1,350,355.7,349.5,351
04:26:31,352.1,352.1,352,350.4,349.6,351.3,350.5,352.3,351.1,351.1,352.4,351.7,350.3,350.7,351.6,351.2,351,349.3,350.9,349.6,351.8,349.8,349.3,351.7,350.5,350.9,351.5,352,349.6,347.4,351.7,351,352.4,347.4,350.8,349.9,350.3,350.2,350.1,355.8,349.6,351
04:27:30,352.1,352,352,350.4,349.6,351.2,350.6,352.2,351.1,351.1,352.4,351.7,350.3,350.7,351.5,351.3,351,349.4,351.1,349.7,351.8,349.7,349.4,351.7,350.3,350.9,351.6,352.1,349.5,347.4,351.7,350.9,352.4,347.4,350.9,349.9,350.2,350.3,350.1,355.6,349.6,351
04:28:31,352.1,352,352,350.4,349.6,351.3,350.6,352.2,351.1,351.1,352.3,351.7,350.3,350.6,351.5,351.1,350.9,349.2,351,349.5,351.8,349.8,349.4,351.7,350.5,350.9,351.3,352.2,349.6,347.2,351.7,350.9,352.3,347.2,350.8,349.7,350.1,350.1,350,354.7,349.6,351
04:29:30,352.3,352,351.9,350.3,349.6,351.3,350.5,352.2,351.1,351.1,352.4,351.7,350.3,350.6,351.5,351.2,350.9,349.3,350.8,349.5,351.8,349.6,349.3,351.2,350.4,350.8,351.2,352.2,349.5,346.8,351.6,351,352.4,346.8,350.8,349.6,349.9,349.9,349.8,355.2,349.6,351
04:30:31,352.1,351.9,351.9,350.3,349.6,351.2,350.5,352.2,351.1,351,352.3,351.7,350.3,350.5,351.5,351.2,350.9,349.2,350.8,349.4,351.7,349.6,349.4,351.3,350.4,350.6,351.2,352,349.5,347.1,351.5,350.8,352.3,347.1,350.7,349.7,350,350.1,349.9,355.3,349.7,351
04:31:30,352.1,351.9,351.9,350.2,349.6,351.2,350.5,352.2,351.1,350.9,352.4,351.7,350.3,350.6,351.4,351,350.9,349.3,351.1,349.5,351.7,349.6,349.3,351.1,350.3,350.9,351.4,352,349.5,346.8,351.3,350.8,352.4,346.8,350.7,349.6,350,349.9,349.7,355.2,349.4,351
04:32:28,352.3,351.9,351.9,350.3,349.5,351.2,350.6,352.6,351.2,351,352.2,351.7,350.2,350.5,351.4,351.1,350.9,349.2,350.9,349.4,351.7,349.6,349.3,351.6,350.4,350.8,351.2,352.2,349.5,345.5,351.3,350.8,352.6,345.5,350.7,349,350.1,350.1,349.9,355.8,349.7,351
04:32:31,352.2,351.9,351.8,350.3,349.6,351.2,350.5,352.2,351,351,352.3,351.7,350.2,350.6,351.4,351.1,350.9,349.2,350.9,349.5,351.7,349.6,349.4,351,350.3,350.7,351.2,352,349.6,347,351.5,350.8,352.3,347,350.7,349.6,350.1,350.1,349.9,355.6,349.4,350.9
04:33:30,352.1,351.9,351.8,350.3,349.5,351.2,350.5,352.2,351.1,350.9,352.3,351.6,350.3,350.5,351.4,351.1,350.9,349.2,351,349.5,351.7,349.8,349.3,351.6,350.3,350.8,351.2,352.2,349.6,346.8,351.5,350.7,352.3,346.8,350.7,349.5,350.4,350.2,350.2,355.6,347,346.9
04:34:30,352.1,351.4,351.3,350,349.2,351.2,350.3,352,351.1,350.9,352,351.3,350.1,350.4,351.3,351,350.4,349,350.3,349.1,351.3,349.3,349.2,351.4,350.3,350.7,351,351.9,349.4,346.8,351.2,350.7,352.1,346.8,350.5,349.4,344.6,344.6,344.4,339.9,343,342.9
04:35:30,352,350.3,350.1,349.2,348.4,351.2,349.8,351.4,351,350.3,351.5,350.9,349.7,350.1,350.9,350.4,348.9,347.8,348.9,347.6,350.1,347.8,349,350.4,349.7,351,350.6,351.1,348.7,345.8,350.5,350.3,352,345.8,349.9,348.9,337.7,337.5,337.3,335.7,339,338.9
04:36:30,351.8,349.3,349.2,348.3,347.5,350.8,349,350.3,350.7,349.7,350.7,350.4,349.3,349.5,350.3,349.3,347.8,346.6,347.7,346.2,348.7,346.5,348.6,349.5,348.6,350.3,349.7,350.8,347.8,344.4,349.4,349.6,351.8,344.4,349,348.1,336.7,336.8,336.6,340.2,335,334.9
04:37:31,351.4,348.1,347.9,347.3,346.6,350.4,348.2,349.4,350.3,349,350.2,350,348.6,348.9,349.8,348.5,346.8,345.8,346.4,345.1,347.5,345.3,348.2,348.4,347.8,349.9,348.6,350.2,346.9,343.6,348.5,348.7,351.4,343.6,348.2,347.5,334.9,334.8,334.6,332.5,330.9,330.9
04:38:30,351,346.3,346,346.1,345.2,349.9,346.9,348.4,349.8,348,349.2,349.2,347.9,348.2,348.9,347.4,345.3,344.3,344.6,343,345.9,343.5,347.5,347.1,346.4,349.4,347.7,349.3,345.9,342.7,347.3,347.5,351,342.7,347.1,346.8,328.7,328.7,328.4,325.1,327,326.9
04:39:30,350.4,344.4,344.2,344.6,343.8,349.2,345.4,346.7,349.1,346.8,347.8,348.4,346.8,347.1,347.7,345.9,343.4,342.6,342.6,340.8,343.7,341.1,346.7,345.7,344.7,348.5,346.2,348.3,344.2,341.1,345.8,346.3,350.4,340.8,345.7,345.6,323.5,323.4,323.1,320,323,322.9
04:40:30,349.7,342.5,342.1,342.9,342.2,348.4,343.8,344.7,348.2,345.6,346.5,347.6,345.8,346.1,346.5,344.2,341.4,340.6,339.9,338.3,341.2,338.8,345.7,343.6,343.1,347.8,344.6,347.3,342.5,339.3,343.7,344.5,349.7,338.3,344.1,344,320,320,319.7,320,319,318.9
04:41:31,348.7,340.2,340,341,340.2,347.3,342,343,347.2,344,345.1,346.3,344.3,344.8,345.3,342.5,339.6,338.9,337.5,335.8,338.9,336.6,344.4,341.8,341.2,346.8,342.6,346.1,340.7,337,341.9,342.7,348.7,335.8,342.4,342.3,318.5,318.4,318.1,317,314.9,314.9
04:42:31,347.6,338.1,337.6,339.1,338.4,346.2,340.1,340.9,346.1,342.7,343.6,345.2,343,343.3,343.8,340.6,337.6,337.2,334.9,333.5,336.5,334.1,343.1,339.1,339.2,345.7,340.7,345.1,338.8,335,340.2,341,347.6,333.5,340.7,340.5,314.1,314,313.7,311.8,310.9,310.9
04:43:31,346.6,335.5,335,337.3,336.4,345.1,338,338.7,344.9,341,341.9,343.7,341.5,341.7,342.3,338.8,335.6,335.1,332.6,330.8,333.9,331.5,341.8,337.6,337.1,344.2,338.3,343.7,336.7,332.8,337.8,338.9,346.6,330.8,338.8,338.7,310,310,309.8,308,306.9,306.9
04:44:30,345.2,333.1,332.5,335.1,334.3,343.7,335.8,336.5,343.4,339.4,340.2,342.5,339.8,340.1,340.6,336.7,333.2,332.9,330,328,331.5,328.9,340.1,335.1,334.7,342.9,336.3,342.3,334.5,330.6,335.5,336.8,345.2,328,336.8,336.6,306.6,306.6,306.2,304.7,303,302.9
04:45:30,343.9,330.5,330,332.9,332,342.2,333.4,334.1,341.9,337.4,338.3,340.8,337.9,338.2,338.8,334.2,330.9,330.4,326.9,325.3,328.7,326.3,338.6,332.8,332.5,341.3,334.1,340.6,332.4,328.4,333.3,334.6,343.9,325.3,334.7,334.6,303.4,303.3,303.1,302.2,299,298.9
04:46:30,342.4,328.1,327.6,331,330,340.5,331,331.5,340.2,335.6,336.4,339.4,336.2,336.4,337.1,332,328.8,328.1,324.3,322.4,326,323.6,336.9,330.9,330.3,339.7,331.8,339,330,326.2,331,332.2,342.4,322.4,332.6,332.4,302.1,302.1,301.8,303.7,295,294.9
04:47:25,340.9,325.8,325.3,329,328.1,339.2,328.9,329.4,338.6,334,334.9,338.1,334.6,334.9,335.5,330.1,327.1,326.2,322.1,320.2,323.9,321.4,335.3,329,328.2,338.1,329.9,337.4,328.3,324.2,328.9,330.2,340.9,320.2,330.8,330.6,300.3,300.3,299.9,298.5,291.4,291.3
04:47:30,340.8,325.6,325.1,328.7,327.9,339,328.7,329.2,338.5,333.8,334.7,338,334.4,334.7,335.3,329.9,326.9,326.1,321.5,320,323.8,321.3,335.1,328.5,328,338.1,329.7,337.3,328.1,324.1,328.7,330,340.8,320,330.6,330.4,300,299.9,299.5,297.9,291,290.9
04:48:31,339.2,323.1,322.3,326.2,325.3,337.4,326.3,326.9,336.8,331.8,332.7,335.9,332.4,332.6,333.3,327.7,324.2,323.6,318.7,317.1,320.9,318.5,333.2,325.5,325.5,336.3,327.6,335.2,325.8,321.6,326.3,327.7,339.2,317.1,328.3,328.1,295.3,295.3,294.9,291.7,286.9,286.9
04:49:31,337.6,320.1,319.5,323.9,323,335.6,323.9,324.2,335,329.8,330.7,334.2,330.4,330.4,331.2,325.2,321.6,321.1,316.1,314.2,318.1,315.5,331.1,323,322.7,334.6,324.9,333.5,323.5,319,323.8,325.3,337.6,314.2,325.9,325.9,291,291,290.6,288.7,283,282.9
04:50:30,335.9,317.5,316.9,321.4,320.4,333.8,321.2,321.5,333.2,327.4,328.2,332.1,328.2,328.2,329.1,322.8,319.2,318.5,312.7,311.2,315,312.7,329.3,320.1,320.1,332.5,322.5,331.4,320.8,316.6,321.1,322.8,335.9,311.2,323.5,323.5,287.7,287.6,287.3,285.4,279,278.9
04:51:30,334,314.5,313.9,318.8,318,331.9,318.6,318.9,331,325.2,326,330,326,326.1,326.8,320,316.4,316,310,308.4,312.2,309.8,327.2,317.5,317.4,330.6,320,329.8,318.3,313.8,318.5,320.2,334,308.4,321.1,321.2,284.1,284.1,283.6,281,275,274.9
04:52:31,332.1,311.5,310.9,316.2,315.3,329.9,315.8,315.8,329,322.8,323.6,327.9,323.5,323.7,324.5,317.4,313.5,313.1,306.8,305.1,309,306.6,325,314.7,314.3,328.3,317,327.2,315.5,311.1,315.6,317.5,332.1,305.1,318.4,318.6,279.7,279.3,279.1,276,270.9,270.9
04:53:30,330,308.4,307.6,313.3,312.4,327.8,312.9,312.8,326.8,320.1,320.9,325.6,321.2,321.3,322,314.5,310.5,310.1,303.5,301.8,305.6,303.2,322.6,311.8,311.4,325.9,314.1,325.1,312.7,308.6,312.8,314.6,330,301.8,315.7,315.9,275.5,275.4,275.1,272.4,267,266.9
04:54:30,327.9,305,304.4,310.3,309.5,325.7,309.7,309.8,324.5,317.3,318,323,318.7,318.7,319.6,311.5,307.6,306.9,300.3,298.5,302.3,299.9,320.2,308.7,308.4,323.6,311.3,322.7,309.9,305.3,309.8,311.4,327.9,298.5,312.8,313.2,271.8,271.7,271.3,268.5,263,262.9
04:55:30,325.6,301.6,301,307.3,306.6,323.4,306.6,306.4,322,314.5,315.2,320.5,316.1,316.2,317,308.5,304.4,303.9,297.2,295.4,299.1,296.7,317.7,305.4,305.5,321.3,308.3,320.1,307,302.6,306.8,308.4,325.6,295.4,310,310.5,267.9,267.8,267.4,265.1,259,258.9
04:56:30,323.4,298.4,297.7,304.3,303.7,321,303.3,303.2,319.5,311.8,312.4,318.2,313.4,313.6,314.2,305.3,301.2,300.8,293.5,291.8,295.8,293.4,315.1,302.1,302.2,318.8,305.2,317.4,303.9,299.6,303.6,305.3,323.4,291.8,307,307.6,264.2,264.1,263.6,260.6,255,254.9
04:57:31,320.9,295,294.3,301.3,300.5,318.6,300.1,299.8,317,309.1,309.8,315.5,310.7,310.7,311.4,302.2,298.2,297.7,290.1,288.3,292.2,290,312.6,298.9,299.3,316.2,302,314.7,300.7,296.7,300.3,302.1,320.9,288.3,304,304.6,259.9,259.5,259.5,256.4,251,250.9
04:58:30,318.6,291.4,290.7,298.2,297.4,316.1,296.9,296.5,314.3,306.3,306.7,312.9,307.7,307.9,308.5,299.1,295.1,294.3,286.5,284.8,288.8,286.3,309.9,295.6,296,313.5,299,312,297.7,293.6,297.2,298.9,318.6,284.8,300.9,301.7,256,255.8,255.5,252.5,247,246.9
04:59:30,316.1,288.1,287.3,295.2,294.5,313.6,293.6,293.1,311.6,303.3,303.9,310,304.9,304.9,305.5,295.7,291.5,291,283.2,281.4,285.2,283.1,307.2,292.6,292.4,310.6,295.4,309.5,294.4,290.4,294,295.4,316.1,281.4,297.8,298.7,252.1,252.1,251.6,248.8,243,242.9
05:00:31,313.4,284.6,283.7,291.8,291,311.1,290.1,289.5,308.8,300.4,300.8,307.2,302,301.9,302.6,292.5,288.6,287.9,279.5,277.7,281.7,279.6,304.4,289,289.1,308,292.4,306.4,291.1,287.2,290.7,292.1,313.4,277.7,294.7,295.6,248.2,248.1,247.8,245.3,238.9,238.9
05:01:31,310.7,280.8,280.1,288.5,287.7,308.4,286.5,286,305.9,297.2,297.6,304.6,298.8,298.9,299.5,289.3,285.2,284.6,275.1,274.1,277.9,275.8,301.6,285.5,285.7,305,289,303.4,287.8,283.9,287.3,288.7,310.7,274.1,291.4,292.4,243.8,243.7,243.3,240.6,234.9,234.9
05:02:30,308,277.4,276.7,285.3,284.6,305.5,283,282.4,302.9,294.2,294.4,301.6,295.8,295.9,296.4,285.8,281.7,281.1,272.6,270.8,274.5,272.4,298.7,282.1,282.1,302.2,285.7,300.4,284.6,280.7,284,285.4,308,270.8,288.2,289.4,240.1,240,239.6,237.3,231,230.9
05:03:30,305.2,273.9,273.1,281.9,281.3,302.7,279.6,278.7,299.9,291.1,291.3,298.5,292.9,292.8,293.3,282.5,278.6,277.8,268.8,267.1,270.9,268.9,295.8,278.7,278.8,299.1,282.3,297.4,281.1,277.3,280.6,281.9,305.2,267.1,284.9,286.2,236.5,236.5,236.2,233.6,227.1,226.9
05:04:31,302.2,270.2,269.4,278.3,277.7,299.9,275.9,275.2,296.7,287.7,287.9,295.4,289.6,289.6,290,279,274.9,274.1,264.9,263.5,266.9,265.2,292.8,274.9,274.9,296,278.9,294.2,277.8,273.9,277.2,278.4,302.2,263.5,281.5,282.8,232.5,232.4,231.9,229.2,222.9,222.9
05:05:30,299.5,266.5,265.9,275.2,274.5,296.9,272.2,271.4,293.6,284.6,284.9,292.7,286.5,286.4,286.8,275.6,271.5,270.9,262,259.9,263.4,261.3,289.9,271.6,271.8,292.8,275.3,291.6,274.5,270.3,273.5,275.1,299.5,259.9,278.2,279.7,228.5,228.3,228,225.5,219,218.9
05:06:32,296.5,262.7,262,271.4,270.8,294,268.7,267.8,290.5,281.5,281.6,289.3,283.1,283,283.3,272.1,268,267.3,257.8,256.3,259.5,257.7,286.8,268,268.1,289.7,272.3,287.7,271,266.8,269.9,271.5,296.5,256.3,274.7,276.4,224.4,224.4,223.8,221,214.9,214.9
05:07:31,293.5,259.3,258.5,268.1,267.6,291.1,265.1,264.1,287.4,278.1,278.2,286.2,279.8,279.8,280,268.4,264.2,263.7,254.4,252.6,256,254.2,283.8,264.4,264.4,286.4,268.2,284.7,267.6,263.6,266.3,267.7,293.5,252.6,271.3,273.1,220.3,220.1,219.6,217.5,210.9,210.9
05:08:31,290.5,255.6,254.7,264.6,264.1,288.1,261.3,260.3,284,274.9,274.8,282.8,276.4,276.2,276.4,264.9,260.7,259.9,250.7,248.9,252.3,250.3,280.6,260.7,260.6,283.2,264.7,281.4,264.1,260.1,262.8,264,290.5,248.9,267.8,269.7,216.5,216.5,215.9,213.6,206.9,206.9
05:09:31,287.4,251.8,250.9,261.2,260.4,285.1,257.6,256.6,280.7,271.5,271.3,279.6,273.1,272.8,273.1,261.1,256.8,256.3,247.4,245.4,248.8,247.1,277.5,256.9,257,279.8,260.9,278.1,260.6,256.4,258.9,260.4,287.4,245.4,264.3,266.4,212.7,212.5,212.1,210.5,202.9,202.9
05:10:31,284.2,248,247.1,257.5,257.1,281.9,253.9,252.7,277.5,268,268,276.5,269.6,269.4,269.6,257.5,253.3,252.7,243.4,241.5,244.6,242.9,274.2,253.1,253.4,276.6,257.6,274.9,256.9,253.1,255.3,256.7,284.2,241.5,260.8,262.9,209.1,209,208.4,206.5,198.9,198.9
05:11:30,281.1,243.8,243.1,253.8,253.2,278.9,250.1,249.1,274.1,264.7,264.3,272.6,266.3,266,266.1,254,249.9,249.3,239.7,237.9,241.1,239.4,271.2,249.7,250,273.3,254.1,271.3,253.5,249.6,251.8,253.1,281.1,237.9,257.3,259.5,205.6,205.5,205,203.2,195,194.9
05:12:31,277.9,240.4,239.7,250.1,249.8,276.1,246.4,245.2,270.6,261.1,260.8,269.5,262.7,262.5,262.5,250.2,246.1,245.3,235.7,234.1,237,235.3,267.9,246.1,246.1,269.7,250.5,268.3,249.9,246,248.1,249.3,277.9,234.1,253.7,256,201.6,201.5,201,199.3,191,190.9
05:13:31,274.5,236.5,235.7,246.8,246.4,272.8,242.7,241.4,267.2,257.6,257.3,266,259.2,259,259,246.6,242.5,241.9,232,230.3,233.3,231.7,264.6,242.5,242.6,266.7,246.9,264.5,246.3,241.8,244.2,245.6,274.5,230.3,250.1,252.4,197.5,197.4,196.8,195.5,187,186.9
05:14:31,271.3,232.4,231.7,242.9,242.6,269.7,238.8,237.6,263.9,253.9,253.7,262.4,255.7,255.5,255.3,243,238.8,238.3,228.1,226.6,229.7,228.1,261.3,239.1,238.9,263.4,243.3,261.1,242.6,238.5,240.8,241.9,271.3,226.6,246.5,249,194,193.9,193.3,191.8,182.9,182.9
05:15:31,268.2,228.7,227.9,239.4,239.1,266.6,235.3,233.7,260.1,250.6,250.2,259.1,252,251.8,251.5,239.2,235.3,234.7,224.6,223,225.8,224.2,258,235.2,235.4,259.9,239.6,257.7,239.2,235.3,237.1,238.2,268.2,223,243,245.6,190.4,190.5,189.8,188.9,178.9,178.9
05:16:31,264.8,225,224.2,235.8,235.5,263.3,231.5,230,256.8,247,246.6,255.6,248.4,248.1,247.9,235.4,231.5,230.9,221.1,219.4,222.1,220.7,254.8,231.7,231.7,256.4,236.3,254.5,235.6,231.6,233.3,234.4,264.8,219.4,239.4,242.1,187.1,187,186.4,185.4,175,174.9
05:17:31,261.5,221.5,220.8,232.5,232,260.3,227.7,226.2,253.2,243.5,243.1,252.1,244.8,244.5,244.2,231.9,227.8,227.4,217.3,215.8,218.3,216.9,251.4,227.9,228.4,253.2,232.9,250.6,232.2,228.2,229.8,230.8,261.5,215.8,235.9,238.7,183.5,183.6,182.9,182,171,170.9
05:18:31,258.2,217.5,216.9,228.7,228.5,257.2,224.1,222.5,249.8,239.7,239.3,248.6,241.2,240.8,240.4,228.4,224.6,223.9,214,212.4,214.9,214,248.1,224.6,224.7,249.6,229,247.4,228.6,224.7,226.2,227.1,258.2,212.4,232.3,235.3,180.5,180.5,179.8,179.3,166.9,166.9
05:19:31,254.9,214.1,213.3,225.3,225,254.1,220.5,218.9,246.3,236.5,236,245.3,237.7,237.2,236.7,224.8,221.1,220.4,210.6,209,211.4,210.6,244.9,220.8,221.3,246.2,225.4,243.8,225.2,221.5,222.6,223.8,254.9,209,228.9,232,177.4,177.4,176.8,176.2,163,162.9
05:20:31,251.6,210.7,209.9,221.7,221.4,250.8,217.1,215.3,242.8,233.1,232.7,241.7,234.1,233.8,233.1,221.4,217.7,217,207.2,205.6,208,206.6,241.7,217.4,217.6,243.1,222.2,240.1,221.7,217.5,219.2,219.9,251.6,205.6,225.4,228.6,174.4,174.3,173.8,173.4,158.9,158.9
05:21:31,248.2,207.1,206.4,218,217.9,247.6,213.4,211.8,239.3,229.5,229.1,238.3,230.5,230.2,229.4,217.8,214,213.6,203.9,202.4,204.5,203.2,238.4,214.1,214.2,239.5,218.9,236.9,218.4,214,215.6,216.6,248.2,202.4,221.9,225.3,171.5,171.5,170.8,170.8,154.9,154.9
05:22:31,244.8,203.6,202.8,214.6,214.4,244.5,209.9,208.2,235.8,226.3,225.8,234.3,227.1,226.7,226,214.2,210.7,210.1,200.5,199.1,201,199.8,235.1,209.7,210.4,236.1,215.2,233.4,214.9,211.1,212.3,213.1,244.8,199.1,218.5,221.9,168.9,168.8,168.3,168.8,150.9,150.9
05:23:31,241.6,200.6,199.9,211.7,211.5,241.5,206.7,204.7,232.5,223,222.4,231.5,223.6,223.2,222.6,210.9,207.4,206.8,197.5,195.9,198,196.5,232,206.8,207,232.8,212.1,230.4,211.6,207.7,208.8,209.7,241.6,195.9,215.3,218.7,166.3,166.3,165.6,166,147,146.9
05:24:30,238.3,197.4,196.9,208.4,208.3,238.2,203.3,201.5,229.2,219.8,219.3,228.2,220.3,220,219.1,207.6,204.4,203.5,194.5,193,194.9,193.7,229,203.5,203.8,229.6,209,226.4,208.5,204.4,205.7,206.4,238.3,193,212.1,215.7,164,164,163.3,164.1,143,142.9
05:25:30,235,194.4,193.9,205.3,205.2,235.3,200.1,198.2,225.7,216.7,216.1,225.1,217,216.7,215.9,204.4,201.1,200.4,191.6,190.2,192.2,191,225.8,200.4,200.4,226.2,205.6,223.4,205.3,201.7,202.6,203.2,235.3,190.2,208.9,212.7,162,161.9,161.2,161.7,139,138.9
05:26:30,232.1,191.7,191,202.1,201.9,232.2,197,195.1,222.5,213.3,212.9,221.7,213.6,213.3,212.6,201.1,197.9,197.2,189,187.4,189.3,188.2,222.7,197.1,197.4,223.1,202.7,220.2,202.3,198.7,199.5,200,232.2,187.4,205.8,209.8,159.8,159.8,159.1,159.7,135,134.9
05:27:31,228.8,188.6,188,198.9,198.9,229.1,194,192,219.5,210.4,209.8,218.4,210.4,210.1,209.3,198,194.8,194.2,186.1,184.5,186.3,185.3,219.6,194.7,194.2,219.7,199.8,217,199.2,195.6,196.4,196.8,229.1,184.5,202.7,206.8,157.7,157.7,157,157.9,130.9,130.9
05:28:31,225.6,185.8,185.1,195.7,195.7,226.1,190.8,189,216.2,207,206.4,214.8,207.1,206.7,206.2,194.9,191.8,191,183.4,181.7,183.1,182.2,216.4,191.3,191.1,216.6,196.8,213.7,196.3,193,193.6,193.8,226.1,181.7,199.6,203.9,155.8,155.7,155,156,126.9,126.9
05:29:31,222.5,183.1,182.7,193.1,192.9,223.1,188,185.9,213.2,204,203.4,211.9,204,203.8,203.1,191.9,189,188.3,180.6,179.2,180.4,179.5,213.4,188.1,188.3,213.7,194.1,211,193.5,190.2,190.8,190.8,223.1,179.2,196.8,201.1,153.8,153.7,153.1,154.2,123,122.9
05:30:31,219.5,180.4,180,190.2,190.1,220.2,185.2,183,210.1,200.9,200.4,208.5,200.9,200.7,200,189.1,186.5,185.7,178.2,176.7,177.7,176.6,210.5,185,185.4,210.6,191.3,207.8,190.7,187.7,188.1,188,220.2,176.6,193.9,198.4,152.1,152,151.4,152.3,118.9,118.9
05:31:30,216.7,178,177.4,187.6,187.5,217.3,182.4,180.3,207,197.8,197.4,205.7,197.9,197.6,197,186.5,183.5,183.1,175.8,174.2,175.1,174.3,207.7,182.8,182.7,207.8,188.6,204.5,188.2,185.1,185.4,185.1,217.3,174.2,191.2,195.7,150.3,150.2,149.5,151.1,115,114.9
05:32:30,213.7,175.5,174.9,184.8,184.8,214.4,179.7,177.6,204.1,195.3,194.8,202.6,194.9,194.7,194,184,181.2,180.5,173.5,171.9,172.8,172.1,204.9,180.2,180.1,204.7,186,202,185.6,182.4,182.7,182.5,214.4,171.9,188.5,193.2,148.5,148.6,147.8,149,111,110.9
05:33:30,210.9,173,172.6,182.5,182.4,211.7,177.1,175,201.1,192.4,191.9,200,192.3,191.9,191.3,181.2,178.8,177.9,171.4,169.8,170.9,170.1,202.2,177.6,177.5,201.8,183.8,199.1,183,180.1,180.2,179.9,211.7,169.8,185.9,190.8,146.7,146.7,146.2,147.3,107,106.9
05:34:30,208,170.7,170.4,179.9,179.9,208.9,174.5,172.4,198.2,189.8,189.3,197.1,189.4,189.2,188.4,178.6,176.2,175.4,169,167.6,168.5,167.8,199.4,175.1,175,199.1,181.2,196.4,180.4,177.5,177.9,177.3,208.9,167.6,183.3,188.2,145.3,145.3,144.7,146.4,103,102.9
05:35:30,205.3,168.6,168.1,177.5,177.5,206.2,172.2,170.1,195.5,187.1,186.5,194.2,186.8,186.5,185.8,176.1,173.8,172.9,167.2,165.7,166.3,165.6,196.8,172.6,172.7,196.2,178.8,193.7,178.2,175.3,175.6,174.7,206.2,165.6,180.9,185.9,143.7,143.7,143,144.9,99,98.9
05:36:30,202.5,166.4,165.9,175.1,175,203.4,169.8,167.7,192.8,184.5,184.1,191.2,184.2,183.9,183.2,173.7,171.5,170.7,164.9,163.4,164.3,163.8,194.1,170.4,170.1,193.6,176.6,190.9,175.8,173.2,173.2,172.4,203.4,163.4,178.5,183.4,142.3,142.3,141.7,143.4,95,94.9
05:37:30,199.8,164.3,163.8,172.8,172.7,200.8,167.4,165.4,190,181.9,181.3,188.3,181.5,181.4,180.6,171.3,169.2,168.3,163.1,161.6,162.3,161.6,191.6,167.9,168.1,190.8,174.4,188.2,173.6,171.2,170.9,170,200.8,161.6,176.1,181.2,140.9,141,140.2,142.3,91,90.9
05:38:30,197.3,162.4,161.9,170.5,170.5,198.2,165.3,163.1,187.4,179.4,179,185.5,179.1,178.9,178.2,168.9,166.9,166.1,161.1,159.8,160.4,159.8,189.2,165.6,165.7,188.1,171.9,185.9,171.5,168.5,168.6,167.8,198.2,159.8,173.8,179,139.5,139.5,138.9,141,90,90
05:39:30,194.7,160.3,160,168.6,168.6,195.7,163.1,161,184.9,177.2,176.7,183.4,176.6,176.5,175.7,166.8,164.8,164,159.3,157.9,158.5,158,186.7,163.9,163.5,185.9,169.7,183.2,169.2,167.1,166.6,165.7,195.7,157.9,171.6,176.8,138.1,138.1,137.5,139.4,90,90
05:40:30,192.1,158.6,158.2,166.6,166.6,193.2,161.3,159.1,182.5,175.1,174.6,181.2,174.4,174.1,173.4,164.8,162.9,162.2,157.6,156.3,156.7,156,184.3,161.7,161.4,183.3,167.8,181.1,167.1,164.6,164.6,163.6,193.2,156,169.5,174.6,136.9,136.9,136.2,138.6,90,90
05:41:31,189.7,156.7,156.3,164.7,164.6,190.7,159.3,157.1,180.1,172.6,172.3,178.6,172,171.7,171.1,162.7,160.8,159.9,155.8,154.5,154.9,154.2,182,159.9,159.5,181,165.8,178.5,165.1,162.7,162.8,161.7,190.7,154.2,167.4,172.5,135.7,135.7,135,137.3,90,90
05:42:30,187.4,154.8,154.4,162.5,162.4,188.4,157.4,155.3,177.8,170.4,170,175.7,169.8,169.6,168.8,160.7,159,158.1,154.4,152.9,153.1,152.5,179.7,157.9,157.6,178.3,163.9,176.3,163.2,160.6,160.9,159.7,188.4,152.5,165.3,170.5,134.6,134.7,134,136.5,90,90
05:43:30,185.2,153.1,152.7,160.6,160.6,186.1,155.6,153.5,175.6,168.5,167.9,173.9,167.7,167.5,166.8,158.8,157.1,156.4,152.5,151.3,151.7,151,177.5,156.4,156,176.4,162.2,174.2,161.3,159.6,159.2,157.8,186.1,151,163.5,168.6,133.4,133.3,132.8,135.4,90,90
05:44:30,182.9,151.6,151.2,158.8,158.8,183.9,153.7,151.6,173.3,166.3,165.9,171.5,165.6,165.4,164.7,157,155.4,154.4,151.3,149.8,150.1,149.4,175.4,154.4,154.4,174.1,160.7,171.9,159.4,157.4,157.4,156.1,183.9,149.4,161.6,166.6,132.3,132.3,131.7,134.2,90,90
05:45:31,180.7,150.1,149.6,157.2,157.2,181.6,152,149.9,171.1,164.4,164.1,169.6,163.6,163.5,162.7,155.1,153.5,152.7,149.4,148.3,148.6,148,173.3,152.8,152.4,172,158.8,170.1,157.6,155.6,155.6,154.2,181.6,148,159.7,164.8,131.3,131.2,130.7,133.3,90,90
05:46:30,178.5,148.3,148,155.4,155.3,179.4,150.3,148.2,169.1,162.6,162.1,167.3,161.6,161.4,160.8,153.3,151.8,151,148.1,146.9,146.9,146.7,171.3,151.1,151,169.9,156.9,167.9,156,154.2,154.1,152.5,179.4,146.7,157.9,163.1,130.3,130.3,129.6,132.2,90,90
05:47:31,176.3,146.9,146.6,153.6,153.6,177.4,148.8,146.5,167,160.8,160.1,165.4,159.7,159.5,158.7,151.7,150.2,149.4,146.7,145.5,145.6,145.2,169.4,149.5,149.3,168,155.4,165.7,154.2,152.6,152.4,150.8,177.4,145.2,156.2,161.3,129.3,129.2,128.7,131.6,90,90
05:48:30,174.2,145.5,145.1,151.9,152,175.3,147.2,145.1,165.1,158.8,158.5,163.6,157.9,157.8,157.1,150.2,148.8,147.8,145.4,144.2,144.2,143.8,167.3,148,147.6,165.9,153.7,164,152.6,151.4,151,149.3,175.3,143.8,154.5,159.6,128.6,128.6,127.9,130.7,90,90
05:49:30,172.2,144.1,143.7,150.4,150.5,173.3,145.8,143.6,163.1,157.2,156.8,161.5,156.1,156,155.4,148.5,147.1,146.3,144.1,142.7,142.8,142.4,165.5,146.4,146.4,163.5,152.3,161.6,151.1,149.5,149.6,147.6,173.3,142.4,152.9,157.9,127.7,127.7,127,130,90,90
05:50:31,170.4,142.8,142.4,149,149,171.2,144.3,142.2,161.2,155.6,155.2,159.8,154.3,154.2,153.7,147,145.6,144.8,142.9,141.7,141.6,140.9,163.6,144.9,144.5,162,150.7,160,149.7,148.4,148.1,146.2,171.2,140.9,151.3,156,126.8,126.7,126.1,129.2,90,90
05:51:30,168.4,141.5,141.1,147.4,147.5,169.4,142.8,140.8,159.5,154.1,153.5,158.1,152.5,152.5,151.9,145.5,144.2,143.3,141.7,140.3,140.3,139.9,161.8,143.6,143.3,160.1,149.3,158.2,148.1,146.9,146.6,144.8,169.4,139.9,149.8,154.6,125.9,125.9,125.1,128.4,90,90
05:52:30,166.5,140.2,139.9,146,146,167.4,141.5,139.5,157.7,152.3,152,156.1,150.9,150.9,150.3,144,142.9,142,140.5,139.2,139.1,138.8,160.1,141.8,142,158.2,147.8,156.5,146.7,145.8,145.3,143.4,167.4,138.8,148.3,153.1,125,125.1,124.4,127.4,90,90
05:53:31,164.7,139,138.7,144.5,144.6,165.6,140.1,138.1,156,150.8,150.4,154.4,149.2,149.2,148.6,142.6,141.4,140.6,139.3,138.1,138,137.6,158.4,140.7,140.4,156.6,146.3,155.2,145.3,144.2,143.9,141.9,165.6,137.6,146.8,151.6,124.3,124.2,123.5,126.8,90,90
05:54:30,163.1,137.9,137.6,143.3,143.3,163.8,138.9,136.9,154.3,149.2,149,152.9,147.8,147.7,147.1,141.2,140.2,139.3,138,136.9,136.9,136.4,156.7,139.3,139,154.7,144.8,153.4,143.9,143.5,142.6,140.7,163.8,136.4,145.4,150.1,123.5,123.6,122.8,126,90,90
05:55:30,161.3,136.8,136.5,142,142.1,162.1,137.8,135.9,152.7,147.9,147.4,151.5,146.3,146.3,145.5,139.9,138.8,138.1,137.3,136,135.8,135.5,155.1,137.9,137.9,153.2,143.4,151.9,142.7,142.4,141.4,139.4,162.1,135.5,144.1,148.8,122.8,122.8,122.1,125.1,90,90
05:56:30,159.7,135.6,135.5,140.7,140.7,160.5,136.6,134.6,151.1,146.6,146.1,150.1,144.8,145,144.2,138.7,137.7,136.8,136.2,134.8,134.8,134.5,153.5,136.9,136.8,151.6,142.1,150,141.4,139.9,140.1,138.2,160.5,134.5,142.8,147.5,122,122.1,121.2,124.5,90,90
05:57:30,158.1,134.7,134.4,139.6,139.7,158.8,135.6,133.7,149.6,145.2,144.8,148.5,143.5,143.4,142.8,137.6,136.5,135.7,134.9,133.8,133.7,133.5,152.1,135.7,135.6,150,141.2,148.7,140,139.3,139,137.1,158.8,133.5,141.6,146.1,121.2,121.3,120.5,123.9,90,90
05:58:31,156.3,133.5,133.3,138.4,138.4,157.1,134.4,132.5,148,143.9,143.4,146.9,142.1,142,141.4,136.4,135.5,134.5,134.2,132.9,132.7,132.5,150.5,134.9,134.5,148.6,140,147.3,138.9,138.1,137.9,135.8,157.1,132.5,140.3,144.8,120.6,120.5,119.9,123.2,90,90
05:59:30,154.8,132.4,132.1,137.2,137.3,155.5,133.4,131.4,146.7,142.4,142.1,145.5,140.8,140.7,140.1,135.4,134.6,133.5,133,132,131.7,131.3,149.1,133.9,133.5,147.2,139,146,137.6,136.9,136.9,134.7,155.5,131.3,139.1,143.4,119.8,119.8,119.2,122.5,90,90
06:00:31,153.2,131.4,131.2,136.1,136.1,154,132.3,130.5,145.3,141.1,140.9,144.1,139.4,139.5,138.8,134.3,133.4,132.5,132.2,131,130.8,130.4,147.7,132.7,132.5,145.8,137.6,144.6,136.6,136,135.9,133.7,154,130.4,137.9,142.2,119.3,119.2,118.4,122.1,90,90
06:01:30,151.8,130.6,130.3,135,135,152.6,131.3,129.4,143.9,140,139.5,142.8,138.2,138.1,137.6,133.2,132.3,131.4,131.3,130.1,129.8,129.5,146.3,132,131.7,144.6,136.7,143.3,135.6,134.8,134.8,132.7,152.6,129.4,136.8,141,118.5,118.5,117.8,121.1,90,90
06:02:31,150.3,129.7,129.4,133.8,133.8,151.1,130.5,128.5,142.6,138.8,138.3,141.3,137,137.1,136.4,132,131.3,130.5,130.7,129.2,129,128.6,145.1,131.1,130.5,143.1,135.6,141.9,134.4,133.9,133.7,131.7,151.1,128.5,135.7,139.8,118,118,117.2,121,90,90
06:03:31,149,128.7,128.4,132.9,132.9,149.7,129.5,127.6,141.4,137.6,137.2,140.1,135.8,135.8,135.2,131.2,130.4,129.6,129,128.3,128.1,127.7,143.6,129.5,129.8,141.9,134.7,141,133.4,133.1,132.7,130.8,149.7,127.6,134.6,138.7,117.3,117.3,116.6,120.3,90,90
06:04:31,147.8,128,127.9,132,132.1,148.4,128.7,126.7,140.1,136.4,136.1,139.1,134.7,134.7,134.2,130.3,129.5,128.7,128.9,127.5,127.3,127.1,142.4,129.1,128.7,140.5,133.7,139.6,132.4,132.4,131.8,129.7,148.4,126.7,133.7,137.6,116.7,116.8,116,119.7,90,90
06:05:31,146.4,127.2,126.9,131,131.1,147,127.7,125.8,138.9,135.3,135.1,137.9,133.6,133.6,133.1,129.3,128.7,127.8,128.1,126.7,126.5,126.4,141.2,128.3,127.8,139.4,132.7,138.2,131.5,131.1,130.9,129.1,147,125.8,132.7,136.4,116.2,116.2,115.4,119,90,90
06:06:31,145.2,126.4,126.2,130.2,130.2,145.7,127,125.1,137.8,134.3,134.2,136.7,132.6,132.5,132,128.5,127.8,127,126.8,126,125.8,125.6,140,127.3,126.9,138.3,131.7,137.4,130.5,130,130.2,128.1,145.7,125.1,131.7,135.4,115.8,115.7,115,118.7,90,90
06:07:31,143.8,125.7,125.4,129.2,129.3,144.3,126.2,124.3,136.5,133.4,133,135.7,131.6,131.5,131.1,127.5,127,126.2,126.3,125.2,125,124.9,138.9,126.6,126.4,137.1,130.8,136.3,129.7,129.6,129.3,127.2,144.3,124.3,130.8,134.3,115.1,115.1,114.4,117.9,90,90
06:08:31,142.6,124.8,124.7,128.4,128.3,143,125.4,123.6,135.6,132.4,132,134.7,130.6,130.6,130,126.7,126.2,125.4,125.7,124.6,124.3,124.1,137.9,125.5,125.4,136.1,129.8,135.5,128.7,128.3,128.4,126.5,143,123.6,129.9,133.3,114.6,114.7,113.9,117.5,90,90
06:09:31,141.4,124,123.8,127.4,127.5,141.9,124.7,122.8,134.4,131.4,131,133.4,129.7,129.7,129.1,125.9,125.3,124.5,125.1,123.9,123.5,123.4,136.8,124.8,124.5,134.9,129,133.8,127.9,127.3,127.7,125.7,141.9,122.8,128.9,132.4,114.2,114.2,113.4,117.1,90,90
06:10:30,140.3,123.2,123.1,126.6,126.7,140.7,123.9,122.1,133.4,130.4,130.2,132.5,128.8,128.8,128.2,125.1,124.5,123.7,124.4,123.2,123,122.8,135.7,124.2,123.8,134,128.4,132.9,127.1,126.4,126.7,124.9,140.7,122.1,128.1,131.4,113.7,113.7,112.9,116.5,90,90
06:11:30,139.1,122.6,122.5,125.9,125.9,139.6,123.3,121.4,132.4,129.5,129.3,131.5,127.8,127.8,127.3,124.5,123.8,123,123.8,122.5,122.3,122.1,134.8,123.3,123,132.8,127.5,132,126.2,125.9,125.9,124,139.6,121.4,127.3,130.5,113.3,113.2,112.5,116.6,90,90
06:12:07,138.5,122.2,122.2,125.4,125.4,138.9,122.8,120.9,131.9,129,128.8,131,127.2,127.3,126.7,123.9,123.4,122.5,123.4,122.1,121.9,121.7,134.2,122.9,122.6,132.3,127.1,131.4,125.8,123.8,125.6,123.6,138.9,120.9,126.7,129.9,113,112.9,112.2,116,90,90
06:12:31,138.1,121.8,121.8,125,125,138.5,122.6,120.6,131.4,128.7,128.4,130.5,126.9,126.9,126.4,123.8,123,122.3,123.1,121.9,121.7,121.7,133.7,122.7,122.4,131.7,126.7,130.9,125.4,125,125.3,123.3,138.5,120.6,126.5,129.5,112.7,112.6,111.8,115.2,90,90
06:13:30,137,120.6,120.6,123.9,124.1,137.4,121.6,119.8,130.5,127.6,127.2,129.2,125.8,126,125.4,122.6,121.4,120.9,122.1,120.9,120.6,120.3,132.5,121.7,121.4,130.8,125.7,129.6,124.4,124,124.2,122.4,137.4,119.8,125.4,128.6,108.5,108.5,107.7,110.9,90,90
06:14:30,135.9,119.4,119.3,122.7,122.7,136.3,120.3,118.7,129.5,126.5,126.1,128,124.8,124.8,124.4,121.1,120,119.4,121,119.5,119.2,118.8,131.5,120.8,120.2,129.7,124.2,128.4,123.2,122.6,122.8,121.3,136.3,118.7,124.1,127.5,105.4,105.3,104.6,107.8,90,90
06:15:30,134.9,118.1,118,121.5,121.4,135.1,119.3,117.6,128.4,125.3,125,126.6,123.7,123.8,123.3,119.6,118.5,118,119,118,117.7,117.4,130.5,119.3,119.2,128.7,123.3,127,121.9,121,121.6,119.9,135.1,117.4,122.9,126.2,103,102.9,102.2,105.2,90,90
06:16:30,133.7,116.7,116.8,120.3,120.3,134,118.2,116.4,127.4,124,123.8,125.6,122.6,122.7,122.1,118.2,117.1,116.6,118,116.6,116.3,116.1,129.5,118.2,118.1,127.5,122,125.9,120.8,120.4,120.2,118.7,134,116.1,121.7,125,101,100.8,100.2,103.7,90,90
06:17:30,132.7,115.9,115.6,119.2,119.2,132.8,117.2,115.4,126.2,123,122.8,124.7,121.6,121.6,121.1,117,115.9,115.5,116.5,115.4,115.1,114.8,128.4,117.1,116.9,126.4,120.7,124.8,119.5,119.2,118.8,117.2,132.8,114.8,120.6,123.8,99.2,99.2,98.5,102,90,90
06:18:30,131.7,114.8,114.6,118.2,118,131.7,116.1,114.4,125.2,122.1,121.9,123.7,120.6,120.6,119.9,115.6,114.9,114.3,115.5,114.1,114.1,114,127.4,115.9,115.8,125.3,119.7,124,118.2,117.4,117.7,115.8,131.7,114,119.5,122.9,97.9,97.9,97.2,101,90,90
06:19:31,130.7,113.7,113.6,117.1,117.1,130.6,115.1,113.5,124.1,121.2,121,122.8,119.6,119.6,118.9,114.5,114,113.3,114.2,113.1,113.2,112.9,126.4,115,114.6,124.2,118.8,122.7,117.2,116,116.5,114.6,130.7,112.9,118.4,121.8,96.8,96.7,95.9,99.7,90,90
06:20:31,129.6,113.1,112.9,116.3,116.3,129.6,114.1,112.5,123,120.2,120.1,121.9,118.7,118.7,118.1,113.5,113.1,112.3,113.4,112.3,112.2,111.9,125.4,114,113.6,123,117.6,121.9,116.4,115.6,115.4,113.4,129.6,111.9,117.5,120.7,96.1,96,95.3,99,90,90
06:21:30,128.7,112.2,112.1,115.4,115.4,128.6,113.3,111.6,122.2,119.7,119.3,121,117.9,117.7,117.2,112.4,112.2,111.1,112.3,111.2,111.5,111.3,124.5,113.1,112.8,122.1,116.8,120.9,115.4,114.6,114.6,112.3,128.7,111.1,116.6,119.9,94.6,94.5,93.7,97.1,90,90
06:22:30,127.8,111.4,111.3,114.7,114.7,127.9,112.4,110.8,121.1,119,118.6,120.2,116.9,117,116.3,111.2,111.3,110.1,111.6,110.3,110.7,110.5,123.6,112.3,112,121.1,116,120.1,114.5,113.8,113.6,111,127.9,110.1,115.7,119,92.2,92.2,91.5,95.1,90,90
06:23:31,126.9,110.8,110.7,114.2,114.2,127,111.5,109.8,120.2,118.3,117.9,119.4,116.2,116.1,115.5,110.2,110.6,109.1,111,109.6,110,109.8,122.7,111.4,111,120.1,115.2,119.3,113.8,113.2,112.6,109.9,127,109.1,114.9,118.1,91.2,91.2,90.4,94.3,90,90
06:24:30,126.1,110.4,110.2,113.7,113.7,126.1,110.8,109.1,119.4,117.7,117.4,118.8,115.5,115.4,115,109.4,109.9,108.4,110.2,109.1,109.6,109.5,121.9,109.8,110.5,119.2,114.6,117.1,113.1,112.2,111.9,109,126.1,108.4,114.2,117.3,90.9,90.9,90.1,94,90,90
06:25:31,125.2,110,109.9,113.2,113.2,125.4,110.2,108.4,118.4,117.2,117,118.3,114.9,114.9,114.2,108.6,109.6,108,109.3,108.5,109.3,109.2,121.3,108.7,109.8,118.4,114.1,115.9,112.5,111.6,111.3,108.1,125.4,108,113.5,116.7,90.8,90.9,90.2,93.9,90,90
06:26:31,124,109.7,109.5,112.8,113,124.6,109.6,108,117.7,116.9,116.7,117.9,114.3,114.4,113.7,108,109.2,107.5,109.2,108.3,109,108.7,120.4,108.3,109.2,117.6,114,114.7,111.9,111.5,111,107.6,124.6,107.5,112.4,116,91.3,91.4,90.5,94.3,90,90
06:26:47,123.6,109.6,109.4,112.6,112.8,124.4,109.5,108,117.5,116.8,116.6,117.7,114.1,114.2,113.6,107.9,109.2,107.5,109,108.3,108.8,108.7,120.2,108.1,109.1,117.4,113.6,114.5,111.8,108.4,110.8,107.4,124.4,107.4,112.2,115.9,91.5,91.5,90.7,94.7,90,90
