Time,PTC2,PTC3,PTC4,PTC5,PTC8,PTC9,PTC11,PTC12,PTC17,PTC18,PTC19,PTC20,PTC26,PTC27,PTC28,PTC29,PTC34,PTC36,PTC37,PTC38,HITC,LOTC,AVGTC,MEAN,AIRTC,AIRTC1,AIRTC2,HILIMTC,TSET_AIR,TSET_PART
HH:MM:SS,Deg.F,Deg.F,Deg.F,Deg.F,Deg.F,Deg.F,Deg.F,Deg.F,Deg.F,Deg.F,Deg.F,Deg.F,Deg.F,Deg.F,Deg.F,Deg.F,Deg.F,Deg.F,Deg.F,Deg.F,,,,,,,,,,
18:47:29,289.9,288.9,261.8,260.7,223.1,223.2,218.3,216.2,230.9,230.4,226.6,230.6,282.5,281.5,240,247.9,221.8,221.8,218.2,220.1,289.9,216.2,241.7,253,341,341.1,340.8,365.9,350.8,320.3
18:48:28,296.1,295.5,268.3,267,229.1,229.1,224.3,221.7,236.3,236,232.5,236.4,288.9,288,246.2,254.5,227.7,227.5,223.8,225.5,296.1,221.7,247.7,258.9,346.4,346.4,346.4,370.1,356.3,326.3
18:49:29,302.8,302.1,275,273.7,235.4,235.4,230.3,227.9,241.9,241.6,238.4,242.7,295.7,294.9,252.7,261.1,233.7,233.1,229.5,231.4,302.8,227.9,254,265.3,352.4,352.3,352.3,375.8,361.8,332.3
18:50:29,309.5,308.9,281.5,280.3,241.4,241.3,236.5,233.8,247.7,247.5,244.5,248.8,302.1,301.4,259,267.6,239.6,239.2,234.9,237.1,309.5,233.8,260.1,271.7,357.2,357.2,357.1,380.8,367.2,338.3
18:51:29,316.1,315.3,288.1,287.2,247.3,247,242.4,239.5,253.3,253.3,250.2,254.5,308.4,307.8,265.3,273.6,245.5,245,240.4,242.6,316.1,239.5,266.1,277.8,362.1,362.3,362.3,387.3,372.6,344.3
18:52:29,322.4,321.7,294.2,293.8,253.2,253.1,248.4,245.3,259,259.2,256,260.5,315,314.4,271.6,280.1,251.2,248.9,245.9,248,322.4,245.3,272.1,283.9,368.8,368.9,368.7,393.5,378.1,350.3
18:53:29,328.8,327.9,300.5,299.9,258.5,259,254.3,251.2,264.5,264.9,261.8,266.4,321.4,320.8,277.9,286.3,257.1,255,249.5,253.6,328.8,249.5,278,289.2,373.4,373.6,373.5,396.6,373.3,351
18:54:29,334.9,333.9,306.4,305.9,264.5,264.4,259.7,256.5,269.9,270.5,267.5,271.8,326.5,326.3,283.6,291.7,262.8,260.4,254.9,258.7,334.9,254.9,283.5,294.9,374.1,374,373.9,387.3,367.2,351
18:55:29,339.5,338.5,311.2,310.6,267.8,268.7,264.5,261.4,274.8,275.7,272.4,276.7,330.6,330.8,288.5,296,266.8,265.4,259.8,263.3,339.5,259.8,288.1,299.6,367.9,367.7,367.6,369.9,362.7,351
18:55:38,340.1,339.1,311.9,311.2,268.6,269.3,265.1,262,275.4,276.3,273,277.4,330.8,331.2,289.2,296.5,267.4,265.9,260.6,264.1,340.1,260.6,288.8,300.3,366.5,366.5,366.4,368.8,362,351
18:56:28,342.4,341.4,315.2,314.7,272.7,272.7,268.6,265.8,279.1,280.2,276.8,280.8,333.2,334,292.7,299.4,271.9,269.5,264.3,267.7,342.4,264.3,292.2,303.4,361.3,361.4,361.3,366.6,359.6,351
18:57:28,344.8,344.1,318.8,318.5,276.8,276.9,272.7,270,283.2,284.3,281,284.8,336.4,337.2,297.1,303.2,276.2,273.9,268.7,271.9,344.8,268.7,296,306.8,359.8,359.7,359.6,368.8,357.2,351
18:58:28,347.1,346.5,322.2,322,280.5,280.8,276.6,274,287.3,288.4,284.8,288.4,339,339.8,301,306.8,280.4,278,272.7,275.9,347.1,272.7,299.6,309.9,358.8,358.8,358.6,367.6,354.9,351
18:59:29,348.9,348.5,325.4,325.3,284,284.2,280.5,277.9,291,292.2,288.5,292,340.9,342,304.7,310,284,281.4,276.8,279.9,348.9,276.8,302.9,312.8,357.9,357.8,357.6,365,353.2,351
19:00:29,350.2,349.9,328.2,327.9,287.2,287.5,283.8,281.4,294.6,295.9,292,295.2,342.6,343.8,308,312.9,287,284.9,280.4,283.3,350.2,280.4,305.8,315.3,355.8,355.8,355.6,363.1,351.9,351
19:01:28,351.3,351.2,330.4,330.2,290.2,290.5,287,284.5,297.7,299.3,294.9,298.1,343.9,345.1,311.1,315.6,290.6,288,283.6,286.6,351.3,283.6,308.5,317.5,354.4,354.4,354.3,361.7,350.8,351
19:02:28,351.9,351.8,332.5,332.3,292.8,293.1,289.9,287.6,300.9,302.2,297.9,300.8,345.2,346.4,314,318.1,293.7,291.1,286.9,289.7,351.9,286.9,310.9,319.4,353.8,353.7,353.6,361.3,350,351
19:03:28,352.6,352.3,334.7,334.3,295.3,295.8,292.8,290.4,303.7,305.1,300.7,303.4,346.1,347.3,316.7,320.4,296.2,293.5,289.7,292.5,352.6,289.7,313.2,321.2,352.9,352.9,352.4,360.3,349.6,351
19:04:29,353,353.1,336.3,336,297.8,298.2,295.5,293.1,306.4,307.8,303.2,305.8,346.9,348.2,319,322.5,298.9,296.4,292.5,295.5,353.1,292.5,315.3,322.8,352.6,352.1,352.5,359.8,348.9,351
19:05:29,353.3,353.3,337.9,337.6,300.5,300.9,298.2,296,309.1,310.4,305.5,308,347.5,348.8,321.2,324.8,301.5,298.9,295.3,298.1,353.3,295.3,317.3,324.3,352,352,351.9,359.9,348.4,351
19:06:29,353.4,353.6,339.3,338.9,302.7,303.3,300.7,298.6,311.3,312.7,307.9,310.1,348.1,349.4,323.2,326.5,303.8,301,297.7,300.7,353.6,297.7,319.1,325.7,352,351.9,351.8,359.1,348.4,351
19:07:29,353.7,353.7,340.7,340.2,304.9,305.5,303.3,301,313.6,314.9,310.1,312.2,348.6,349.9,325.6,328.2,306.2,303.3,300.3,303.4,353.7,300.3,321,327,351.7,351.6,351.6,358.8,348.3,351
19:08:29,353.7,354,341.7,341.2,307.1,307.6,305.4,303.3,315.6,317,312.3,314.1,348.9,350.3,327.3,330.2,308.4,305.6,302.5,305.4,354,302.5,322.6,328.3,351.6,351.6,351.5,359.1,348.1,351
19:09:28,353.8,354.1,342.7,342.2,309,309.5,307.5,305.4,317.6,318.9,314.1,316,349.3,350.6,328.9,331.2,310.4,307.5,304.7,307.7,354.1,304.7,324.1,329.4,351.3,351.3,351.2,359,348.1,351
19:10:29,353.8,354.1,343.6,343.2,310.9,311.5,309.6,307.5,319.5,320.8,316,317.7,349.6,350.7,330.7,332.9,312.5,309.4,306.9,309.9,354.1,306.9,325.5,330.5,351.6,351.5,351.3,358.6,347.8,351
19:11:29,353.8,354.3,344.4,344,312.6,313.2,311.5,309.6,321.3,322.6,317.8,319.4,349.8,351,332.1,334.1,314.3,311.3,308.8,311.8,354.3,308.8,326.9,331.5,351.4,351.4,351.2,358.6,347.8,351
19:12:28,353.8,354.2,345.2,344.7,314.1,314.8,313.5,311.3,323,324.4,319.3,320.8,349.9,351.1,333.4,335.4,316,313.2,310.7,313.7,354.2,310.7,328.1,332.5,351.4,351.3,351.2,358.4,347.6,351
19:13:29,353.8,354.3,346,345.3,315.8,316.3,315.1,313.1,324.5,326,320.9,322.4,350.1,351.2,334.8,336.5,317.9,314.9,312.6,315.3,354.3,312.6,329.3,333.5,351.3,351.3,351.1,358.6,347.8,351
19:14:29,353.8,354.2,346.8,346,317.3,318,316.8,314.8,326,327.4,322.6,323.7,350.1,351.3,335.9,337.6,319.6,316.5,314.2,317.2,354.2,314.2,330.5,334.2,351.2,351.3,351.1,358.4,347.8,351
19:15:28,353.8,354.3,347.3,346.5,318.8,319.4,318.6,316.5,327.4,328.8,324.1,325.1,350.2,351.4,337,338.8,321.2,318,315.8,318.8,354.3,315.8,331.6,335,351.3,351.2,351.1,358.9,347.8,351
19:16:29,353.7,354.2,347.8,347,320.2,320.8,320.1,318,328.7,330.1,325.6,326.4,350.3,351.4,338.2,339.7,322.8,319.4,317.6,320.4,354.2,317.6,332.6,335.9,351.3,351.3,351.2,358.6,347.8,351
19:17:29,353.8,354.3,348.3,347.5,321.5,322.1,321.6,319.5,329.9,331.3,326.8,327.7,350.4,351.6,339.3,340.6,324.1,320.9,318.9,322,354.3,318.9,333.6,336.6,351.5,351.4,351.3,358.7,347.7,351
19:18:29,353.7,354.2,348.8,348,323,323.7,323,321.1,331.1,332.4,328.2,328.9,350.5,351.6,340.2,341.5,325.5,322.2,320.4,323.5,354.2,320.4,334.6,337.3,351.4,351.4,351.3,358.6,347.8,351
19:19:29,353.7,354.2,349.2,348.4,324,324.8,324.3,322.4,332.1,333.5,329.3,330.1,350.5,351.7,340.9,342.3,326.8,323.6,321.8,324.8,354.2,321.8,335.4,338,351.6,351.7,351.4,358.5,347.7,351
19:20:28,353.7,354.1,349.6,348.7,325.2,325.9,325.7,323.6,333.2,334.6,330.5,331,350.6,351.8,341.9,342.9,327.7,324.7,323.1,326,354.1,323.1,336.2,338.6,351.3,351.3,351.1,358.3,347.9,351
19:21:28,353.7,354.3,349.9,349,326.3,327,327,324.9,334.3,335.6,331.5,332,350.5,351.8,342.6,343.6,329.2,325.6,324.4,327.2,354.3,324.4,337,339.4,351.4,351.4,351,358.4,347.6,351
19:22:29,353.7,354.2,350.2,349.4,327.3,328.1,328.1,326.2,335.2,336.5,332.6,333,350.6,351.8,343.2,344.2,330.2,326.9,325.6,328.4,354.2,325.6,337.8,339.9,351.3,351.3,351.2,357.7,347.8,351
19:23:29,353.7,354.2,350.4,349.6,328.3,329.1,329.3,327.4,336.1,337.4,333.7,333.9,350.5,351.7,343.9,344.6,331.4,328.2,326.8,329.7,354.2,326.8,338.5,340.5,351.3,351.5,351.1,357.9,348,351
19:24:28,353.6,354.1,350.6,349.7,329.2,330,330.4,328.4,336.9,338.3,334.7,335,350.5,351.7,344.5,345.2,332.6,329.3,327.8,330.9,354.1,327.8,339.2,341,351.3,351.3,351.7,358,347.9,351
19:25:29,353.6,354.1,350.9,350,330.2,331,331.4,329.6,337.8,339,335.6,335.7,350.6,351.6,345.1,345.9,333.4,330.2,328.8,332,354.1,328.8,339.8,341.5,351.3,351.3,351.2,358,347.8,351
19:26:29,353.6,354.1,351.1,350.2,331.1,331.9,332.4,330.6,338.6,339.8,336.5,336.6,350.6,351.7,345.7,346.2,334.3,331.2,330,332.8,354.1,330,340.4,342,351.4,351.4,351.3,357.7,347.7,351
19:27:29,353.7,354.2,351.3,350.5,331.9,332.8,333.4,331.6,339.2,340.6,337.5,337.5,350.5,351.7,346.2,346.7,335.5,331.9,330.9,333.8,354.2,330.9,341.1,342.5,351.3,351.3,351.2,358.1,347.9,351
19:28:29,353.5,354.2,351.5,350.6,332.7,333.6,334.3,332.5,340,341.1,338.3,338.1,350.5,351.6,346.6,347.2,336.3,332.9,331.8,334.6,354.2,331.8,341.6,343,351.3,351.4,351.2,358.2,347.9,351
19:29:28,353.5,354.1,351.6,350.8,333.5,334.3,335.2,333.5,340.6,341.8,338.9,339,350.5,351.6,347,347.3,336.9,333.6,332.7,335.6,354.1,332.7,342.1,343.4,351.4,351.4,351.2,358.2,347.9,351
19:30:28,353.5,354.2,351.8,350.9,334.3,335.2,336,334.4,341.2,342.4,339.8,339.6,350.5,351.7,347.3,347.9,337.6,334.1,333.5,336.4,354.2,333.5,342.6,343.9,351.4,351.5,351.3,358.3,347.8,351
19:31:28,353.6,353.8,351.8,351.1,335.1,336,336.9,335.2,341.7,342.9,340.6,340.3,350.5,351.6,347.7,348.3,338.5,335,334.4,337.4,353.8,334.4,343.1,344.1,351.4,351.4,351.3,357.7,348,351
19:32:29,353.5,354.1,352.1,351.1,335.7,336.5,337.7,336,342.2,343.4,341.1,341,350.6,351.6,348.1,348.4,339.2,335.7,335.1,338.1,354.1,335.1,343.5,344.6,351.6,351.4,351.3,358.2,347.9,351
19:33:28,353.6,354,352,351.1,336.4,337.2,338.3,336.7,342.6,343.9,341.9,341.6,350.7,351.8,348.5,348.9,339.9,336.5,335.7,338.8,354,335.7,344,344.9,351.4,351.4,351.3,357.6,347.9,351
19:34:29,353.6,354.1,352.2,351.3,337,337.8,339.1,337.4,343.1,344.4,342.5,342.2,350.6,351.9,348.7,349,340.5,337.3,336.6,339.5,354.1,336.6,344.4,345.3,351.3,351.3,351.2,357.6,348,351
19:35:29,353.5,354.1,352.3,351.2,337.5,338.3,339.9,338.2,343.6,344.8,343,342.7,350.6,351.8,349,349.2,341.4,337.8,337.1,340,354.1,337.1,344.8,345.6,351.5,351.5,351.3,357.9,348.1,351
19:36:28,353.5,354,352.4,351.4,338.2,339,340.4,338.8,343.9,345.3,343.6,343.1,350.6,351.8,349.1,349.6,341.8,338.5,337.9,340.7,354,337.9,345.2,345.9,351.4,351.4,351.3,357.5,347.9,351
19:37:29,353.6,354.1,352.5,351.5,338.6,339.5,341.1,339.4,344.4,345.7,344.1,343.7,350.7,351.8,349.5,349.8,342.2,339,338.4,341.3,354.1,338.4,345.5,346.3,351.4,351.4,351.2,357.3,347.9,351
19:38:29,353.7,354.1,352.6,351.6,339.2,340,341.5,340,344.9,346,344.6,344.1,350.7,351.8,349.6,350.1,342.8,339.7,338.9,341.9,354.1,338.9,345.9,346.5,351.3,351.3,351.2,357.2,348,351
19:39:29,353.6,354.1,352.6,351.8,339.6,340.4,342,340.5,345.2,346.4,345.1,344.5,350.6,351.9,349.9,350,343.3,340.2,339.8,342.4,354.1,339.6,346.2,346.9,351.3,351.4,351.2,357.4,347.8,351
19:40:29,353.5,354.1,352.6,351.7,340.1,341,342.5,341,345.5,346.7,345.4,344.9,350.7,351.8,350,350.1,344,340.8,340.2,342.9,354.1,340.1,346.5,347.1,351.2,351.2,351,357.3,347.9,351
19:40:47,353.5,354.1,352.7,351.8,340.3,341.1,342.7,341.2,345.5,346.7,345.6,345.1,350.7,351.8,350.1,350.2,344.3,340.7,340.4,343.1,354.1,340.3,346.6,347.2,351.2,351.1,351.1,357.4,347.8,351
19:41:29,353.6,354.1,352.6,351.7,340.6,341.4,343,341.5,345.8,347,345.9,345.3,350.7,351.8,350.2,350.1,344.4,341.2,340.6,343.4,354.1,340.6,346.8,347.4,351.2,351.2,351.1,357.6,348,351
19:42:29,353.5,354.1,352.7,351.7,341,341.8,343.6,342,346.1,347.3,346.3,345.6,350.7,351.9,350.3,350.6,344.8,341.4,341,343.8,354.1,341,347,347.6,351.2,351.3,351.1,357.3,348,351
19:43:28,353.5,354,352.7,351.7,341.3,342.1,343.9,342.4,346.3,347.6,346.8,346,350.6,351.8,350.6,350.6,345.5,342,341.5,344.5,354,341.3,347.3,347.7,351.3,351.4,351.1,357.6,348,351
19:44:28,353.5,354.1,352.7,351.8,341.7,342.7,344.4,342.8,346.6,347.8,347.2,346.4,350.5,351.8,350.5,350.7,345.7,342.5,342,344.9,354.1,341.7,347.5,347.9,351.3,351.3,351.2,357.2,348,351
19:45:28,353.5,353.9,352.7,351.9,342.2,343,344.7,343.4,346.8,348.1,347.4,346.6,350.6,351.6,350.6,350.8,346,343,342.2,345.3,353.9,342.2,347.7,348.1,351.2,351.2,351.1,357.5,348.3,351
19:46:29,353.5,354,352.8,352,342.5,343.4,345.2,343.6,347.1,348.4,347.8,346.9,350.7,351.8,350.8,350.9,346.5,343.1,342.6,345.7,354,342.5,348,348.3,351.3,351.1,351.1,357.3,348,351
19:47:29,353.6,354,352.8,352,342.9,343.7,345.6,344,347.3,348.6,348.1,347.2,350.6,351.7,351,350.9,346.8,343.5,343,345.9,354,342.9,348.2,348.5,351.2,351.2,351.1,357,348,351
19:48:29,353.5,354.2,352.8,352,343.1,344.1,345.9,344.4,347.5,348.8,348.4,347.6,350.6,351.7,351,351.1,347.2,344,343.4,346.3,354.2,343.1,348.4,348.7,351.3,351.3,351.1,357.1,348,351
19:49:29,353.5,354.1,352.8,352.1,343.5,344.5,346.2,344.8,347.7,349,348.7,347.8,350.7,351.9,351.1,351.2,347.7,344.3,343.7,346.5,354.1,343.5,348.6,348.8,351.2,351.2,350.9,357,348,351
19:50:29,353.5,354.1,352.9,352.1,343.8,344.8,346.6,345,347.9,349.1,348.8,348,350.8,351.8,351.2,351.2,347.8,344.7,343.9,346.9,354.1,343.8,348.7,349,351.3,351.2,351.1,357.3,348,351
19:51:29,353.5,354,353,352.1,344.1,345.1,346.9,345.4,348,349.4,349.1,348.3,350.7,351.8,351.3,351.2,348,344.8,344.5,347.3,354,344.1,348.9,349.1,351.3,351.2,351.1,357.2,348,351
19:52:29,353.6,354,353,352.2,344.4,345.3,347.2,345.6,348.2,349.4,349.4,348.5,350.6,351.8,351.3,351.3,348.4,345,344.7,347.7,354,344.4,349.1,349.2,351.2,351.2,350.9,357.1,348,351
19:53:29,353.5,353.8,353,352.1,344.6,345.6,347.4,345.9,348.2,349.6,349.6,348.6,350.6,351.7,351.5,351.5,348.5,345.3,345.5,347.9,353.8,344.6,349.2,349.2,351.1,351.1,351.1,357.2,348.2,351
19:54:29,353.4,354,353,352.1,344.9,345.9,347.6,346.3,348.4,349.7,349.7,348.8,350.7,351.8,351.6,351.4,348.8,345.5,345.9,348.2,354,344.9,349.4,349.5,351,351.1,350.9,356.9,348.1,351
19:55:28,353.5,353.8,353,352.1,345.2,346.2,348.1,346.5,348.5,349.7,349.9,348.9,350.6,351.8,351.7,351.4,349,345.7,346.7,348.7,353.8,345.2,349.5,349.5,351.1,351,350.9,357.2,348.2,351
19:56:28,353.4,353.9,352.9,352.1,345.4,346.5,348.2,346.7,348.6,349.9,350.1,349.2,350.7,351.8,351.7,351.5,349.2,345.9,347.2,348.8,353.9,345.4,349.7,349.7,351.1,351.1,350.9,356.9,348.1,351
19:57:29,353.3,353.9,353,352.1,345.6,346.8,348.5,346.9,348.7,350,350.2,349.4,350.6,351.8,351.8,351.7,349.4,346.3,347.5,348.9,353.9,345.6,349.8,349.8,351.1,351.1,351,357.2,348.1,351
19:58:29,353.2,353.8,352.9,352.2,345.8,347,348.7,347.1,348.8,350.2,350.5,349.5,350.6,351.8,351.8,351.6,349.6,346.4,347.8,349,353.8,345.8,349.9,349.8,351,351.1,350.8,356.5,348.1,351
19:59:29,353.4,353.9,352.9,352.1,345.9,347,348.9,347.3,348.8,350.2,350.6,349.6,350.6,351.7,351.7,351.6,349.8,346.6,347.9,349.2,353.9,345.9,350,349.9,350.9,350.9,350.8,357,348.1,351
20:00:29,353.3,353.8,352.9,352.1,346.1,347.2,348.9,347.5,349,350.3,350.7,349.7,350.6,351.7,351.8,351.7,350.1,346.7,348,349.4,353.8,346.1,350.1,350,351,351.1,350.9,357,348.2,351
20:01:29,353.4,353.9,352.9,352.1,346.5,347.4,349.3,347.7,349.2,350.5,350.9,349.9,350.5,351.7,351.9,351.7,350.1,346.8,348.2,349.4,353.9,346.5,350.2,350.2,350.9,350.9,350.8,357.1,348.1,351
20:02:29,353.3,353.7,352.9,352.1,346.6,347.6,349.4,347.9,349.1,350.5,351,350,350.6,351.6,351.8,351.7,350.5,346.9,348.3,349.6,353.7,346.6,350.2,350.1,351,351,350.9,356.7,348.3,351
20:03:29,353.3,353.7,352.9,352.2,346.8,347.8,349.5,348,349.3,350.5,351.2,350.2,350.6,351.7,351.9,351.7,350.4,347.1,348.4,349.9,353.7,346.8,350.3,350.2,351,350.9,350.8,356.1,348.3,351
20:04:29,353.3,353.7,352.8,352.1,346.9,347.9,349.6,348.2,349.2,350.6,351.3,350.3,350.5,351.7,351.9,351.6,350.6,347.6,348.6,349.9,353.7,346.9,350.4,350.3,350.3,350.2,350.1,353,348.1,351
20:05:28,353,353.5,352.7,351.9,346.8,347.9,349.6,348.2,349.2,350.5,351.2,350.1,350.1,351.3,351.8,351.5,350.6,347.3,348.6,349.9,353.5,346.8,350.3,350.1,349,349,348.8,354.6,348.5,351
20:06:28,352.9,353.3,352.6,351.9,347,348,349.8,348.4,349.3,350.5,351.4,350.5,350.1,351.2,351.8,351.5,350.9,347.6,348.7,350.1,353.3,347,350.4,350.1,350.1,350.2,350,357.1,348.8,351
20:07:29,352.9,353.4,352.7,352,347.2,348.2,350,348.5,349.4,350.7,351.5,350.5,350.2,351.4,351.9,351.7,351.1,348,348.9,350.4,353.4,347.2,350.5,350.3,351.1,351.1,351,358,348.5,351
20:08:29,353,353.6,352.8,352,347.4,348.3,350.2,348.7,349.6,350.8,351.6,350.7,350.3,351.4,351.9,351.7,351.3,348.1,349,350.6,353.6,347.4,350.6,350.5,351.5,351.5,351.3,357.5,348.5,351
20:09:29,353.1,353.7,352.9,352.1,347.6,348.6,350.3,348.8,349.6,350.9,351.7,350.7,350.4,351.4,351.9,351.8,351.5,348,349.2,350.5,353.7,347.6,350.7,350.6,351.4,351.4,351.3,357.1,348.4,351
20:10:28,353.2,353.6,352.8,352.1,347.6,348.7,350.4,348.9,349.7,351,351.8,350.8,350.5,351.6,352,351.8,351.6,348.3,349.3,350.6,353.6,347.6,350.8,350.6,351.2,351.1,351,356.9,348.3,351
20:11:29,353.2,353.6,352.8,352.1,347.8,348.8,350.5,349.1,349.7,351,351.8,350.9,350.5,351.6,352.1,351.8,351.7,348.4,349.4,350.9,353.6,347.8,350.9,350.7,351.1,351.1,350.9,356.5,348.4,351
20:12:29,353.1,353.7,352.8,352,347.9,348.9,350.7,349.3,349.7,351.1,351.8,350.9,350.5,351.6,352.1,351.9,351.6,348.4,349.6,350.8,353.7,347.9,350.9,350.8,351,351,350.8,357,348.5,351
20:13:29,353.2,353.7,352.8,352,348,349,350.8,349.3,349.8,351.1,351.9,351,350.5,351.6,352.1,351.8,351.7,348.5,349.6,351,353.7,348,351,350.8,350.9,351,350.8,356.3,348.3,351
20:14:29,353.2,353.6,352.8,352.1,348.1,349.2,350.8,349.4,349.8,351.1,351.9,351,350.5,351.6,352.1,351.8,352,348.7,349.6,351,353.6,348.1,351,350.8,350.9,350.9,350.8,356.9,348.3,351
20:15:29,353.2,353.7,352.8,352.1,348.3,349.2,351,349.6,349.8,351.2,352.1,351,350.5,351.6,352.2,351.8,351.8,348.9,349.8,351.2,353.7,348.3,351.1,351,350.9,350.9,350.7,357.2,348.2,351
20:16:28,353.1,353.8,352.8,352.1,348.4,349.4,351.1,349.6,349.9,351.2,352.1,351.1,350.5,351.6,352.1,351.8,351.9,348.8,349.8,351.1,353.8,348.4,351.1,351.1,350.9,350.9,350.8,356.6,348.3,351
20:17:28,353.2,353.7,352.8,352,348.5,349.4,351.3,349.7,350,351.2,352.2,351.2,350.5,351.6,352.2,351.8,352.2,348.7,349.8,351.2,353.7,348.5,351.2,351.1,350.7,350.7,350.6,356.6,348.3,351
20:18:29,353.2,353.7,352.8,352.1,348.5,349.5,351.3,349.8,349.9,351.2,352.2,351.2,350.6,351.6,352.3,352,352.3,348.9,349.8,351.5,353.7,348.5,351.2,351.1,350.8,350.8,351,356.8,348.4,351
20:19:29,353.1,353.5,352.8,352,348.6,349.6,351.3,349.9,350,351.3,352.4,351.3,350.5,351.6,352.1,351.9,352.2,349.1,349.8,351.3,353.5,348.6,351.2,351,350.7,350.8,350.6,356.5,348.7,351
20:20:29,353.1,353.7,352.8,352,348.7,349.7,351.5,350,350,351.4,352.4,351.3,350.4,351.5,352.2,351.9,352.4,349.2,349.9,351.6,353.7,348.7,351.3,351.2,350.7,350.8,350.6,356.4,348.4,351
20:21:29,353.2,353.6,352.6,352,348.8,349.8,351.5,350,350,351.4,352.4,351.4,350.4,351.5,352.2,351.8,352.6,349.1,349.9,351.7,353.6,348.8,351.3,351.2,350.7,350.8,350.6,356.5,348.4,351
20:22:29,353.1,353.7,352.7,352,348.8,349.8,351.6,350.1,350.1,351.4,352.5,351.5,350.5,351.6,352.1,352,352.5,349.2,349.8,351.7,353.7,348.8,351.3,351.2,350.8,350.7,350.7,356.4,348.5,351
20:23:28,353.1,353.6,352.8,352,348.9,349.9,351.7,350.3,350.1,351.4,352.5,351.5,350.4,351.5,352.2,351.9,352.6,349.3,349.7,351.7,353.6,348.9,351.3,351.2,350.7,350.7,350.6,356.5,348.4,351
20:24:29,353.1,353.6,352.8,352,349.1,350,351.7,350.3,350.1,351.4,352.5,351.4,350.5,351.5,352.1,351.8,352.5,349.3,349.5,351.9,353.6,349.1,351.3,351.3,350.8,350.8,350.6,356.5,348.3,351
20:25:29,353.2,353.6,352.9,352,349,350,351.7,350.3,350.1,351.4,352.4,351.5,350.4,351.4,352.1,352,352.6,349.3,349.3,351.9,353.6,349,351.3,351.3,350.7,350.6,350.6,356.5,348.4,351
20:26:29,353.1,353.5,352.7,352,349.1,350,351.7,350.3,350.1,351.4,352.5,351.5,350.4,351.5,352.2,352,352.8,349.6,349.3,351.8,353.5,349.1,351.4,351.3,350.6,350.6,350.5,356.3,348.6,351
20:27:29,353.1,353.6,352.7,351.9,349.2,350.1,351.8,350.3,350.1,351.4,352.5,351.5,350.4,351.5,352.1,351.9,352.8,349.5,349.3,351.9,353.6,349.2,351.4,351.4,350.6,350.5,350.3,356.4,348.5,351
20:28:28,353,353.6,352.7,352,349.1,350.3,351.8,350.5,350.1,351.4,352.6,351.6,350.4,351.4,352.2,351.8,353,349.6,349.5,351.9,353.6,349.1,351.4,351.3,350.5,350.5,350.4,356.5,348.6,351
20:29:29,353,353.6,352.6,352,349.3,350.3,351.9,350.5,350.1,351.4,352.6,351.6,350.4,351.4,352.2,351.8,353,349.7,349.5,351.9,353.6,349.3,351.4,351.4,350.6,350.6,350.4,356.4,348.4,351
20:30:29,353,353.6,352.7,351.9,349.2,350.3,352,350.5,350.1,351.4,352.6,351.6,350.3,351.4,352.1,351.8,353.1,349.8,349.5,351.8,353.6,349.2,351.4,351.4,350.6,350.4,350.3,356.6,348.5,351
20:31:29,353,353.5,352.6,351.9,349.3,350.3,351.9,350.5,350.1,351.4,352.6,351.5,350.4,351.4,352.1,351.8,353.1,349.8,349.8,351.9,353.5,349.3,351.4,351.4,350.5,350.5,350.3,356.5,348.6,351
20:32:29,353,353.5,352.6,351.8,349.4,350.4,352,350.5,350.1,351.4,352.6,351.5,350.3,351.4,352.1,351.9,353.2,349.7,350.3,352,353.5,349.4,351.5,351.4,350.5,350.4,350.3,356.3,348.4,351
20:33:29,353,353.4,352.6,351.9,349.4,350.3,352,350.6,350.2,351.4,352.6,351.6,350.3,351.4,352.2,352,353,349.9,350.3,352.1,353.4,349.4,351.5,351.4,350.5,350.5,350.4,356.3,348.6,351
20:34:29,353,353.6,352.6,351.9,349.4,350.4,352.1,350.6,350.1,351.4,352.6,351.5,350.3,351.3,352.1,351.9,353,350,350.5,352.2,353.6,349.4,351.5,351.5,350.4,350.4,350.3,356.4,348.6,351
20:35:29,353,353.5,352.6,351.9,349.4,350.4,352.1,350.7,350.1,351.4,352.6,351.6,350.3,351.4,352.1,351.9,353.1,349.9,350.5,352.2,353.5,349.4,351.5,351.4,350.5,350.5,350.4,356.2,348.5,351
20:36:29,353,353.4,352.7,351.8,349.6,350.6,352.2,350.7,350.1,351.4,352.7,351.7,350.2,351.3,352.2,351.9,353.1,349.9,350.5,352.2,353.4,349.6,351.6,351.5,350.4,350.4,350.3,356.2,348.5,351
20:37:29,353,353.4,352.6,351.9,349.7,350.6,352.2,350.8,350.1,351.4,352.7,351.6,350.3,351.3,352.2,351.9,353.1,350.1,350.5,352.3,353.4,349.7,351.6,351.5,350.4,350.4,350.3,356.2,348.5,351
20:38:29,352.9,353.5,352.6,351.8,349.7,350.7,352.2,350.9,350.1,351.5,352.6,351.6,350.4,351.4,352.2,351.8,353.3,350.1,350.7,352.2,353.5,349.7,351.6,351.6,350.4,350.4,350.2,356.2,348.6,351
20:39:28,352.9,353.5,352.6,351.8,349.6,350.6,352.3,350.8,350.1,351.4,352.7,351.8,350.3,351.3,352.2,351.8,353.3,350.4,350.8,352.1,353.5,349.6,351.6,351.5,350.3,350.3,350.2,356,348.6,351
20:40:29,353,353.4,352.6,351.8,349.7,350.7,352.3,350.9,350.2,351.4,352.7,351.6,350.3,351.2,352.1,351.8,353.4,350.4,350.7,352,353.4,349.7,351.6,351.5,350.3,350.3,350.1,355.8,348.5,351
20:41:29,352.8,353.4,352.5,351.8,349.8,350.7,352.2,350.9,350.1,351.4,352.6,351.6,350.1,351.2,352,351.6,353.5,350.4,350.8,352.1,353.5,349.8,351.6,351.6,350.3,350.4,350.2,356,348.5,351
20:42:28,352.9,353.4,352.5,351.8,349.8,350.8,352.3,350.9,350.1,351.4,352.7,351.6,350.1,351.2,352.1,351.6,353.6,350.2,350.8,352.1,353.6,349.8,351.6,351.7,350.3,350.4,350.2,355.9,348.5,351
20:43:28,352.8,353.4,352.5,351.8,349.8,350.8,352.3,351,350.1,351.4,352.7,351.6,350.1,351.2,352,351.5,353.3,350.4,350.8,352.2,353.4,349.8,351.6,351.6,350.4,350.4,350.1,355.9,348.5,351
20:44:28,352.8,353.4,352.3,351.7,349.8,350.8,352.3,350.9,350.2,351.4,352.6,351.6,350.1,351.1,352,351.6,353.4,350.4,350.8,352.1,353.4,349.8,351.5,351.6,350.3,350.4,350.1,356.2,348.5,351
20:45:29,352.8,353.2,352.5,351.7,349.8,350.8,352.4,351,350.2,351.3,352.6,351.6,350.1,351.1,352,351.7,353.4,350.2,350.8,352.2,353.4,349.8,351.6,351.6,350.2,350.2,350.1,356,348.5,351
20:46:28,352.7,353.4,352.4,351.7,349.8,350.9,352.4,350.8,350.2,351.4,352.6,351.5,350,351.1,351.9,351.8,353.3,350.4,350.8,352.4,353.4,349.8,351.6,351.6,350.2,350.1,350.1,355.8,348.5,351
20:47:28,352.7,353.3,352.4,351.7,349.8,350.8,352.4,350.9,350.1,351.4,352.5,351.5,350.1,351.2,352,351.6,353.5,350.5,350.8,352.4,353.5,349.8,351.6,351.6,350.2,350.2,350.1,356,348.6,351
20:48:29,352.8,353.2,352.4,351.6,349.8,350.8,352.4,350.9,350.1,351.4,352.6,351.5,350,351.2,352,351.6,353.4,350.5,350.8,352.3,353.4,349.8,351.5,351.6,350.1,350.1,349.9,355.8,348.5,351
20:49:29,352.7,353.2,352.3,351.6,349.8,351,352.3,351,350.1,351.4,352.6,351.6,350,351.1,351.9,351.6,353.4,350.4,350.9,352,353.4,349.8,351.5,351.6,350.2,350.1,350,355.9,348.5,351
20:50:29,352.7,353.2,352.3,351.6,349.9,350.9,352.3,350.9,350.1,351.3,352.6,351.5,350.1,351.1,351.9,351.6,353.3,350.5,350.7,352.2,353.3,349.9,351.5,351.6,350.2,350.1,350.1,355.9,348.5,351
20:51:29,352.6,352.9,352.3,351.4,349.8,350.9,352.4,351,350.1,351.4,352.6,351.5,350.1,351,352.1,351.5,353.5,350.5,350.8,352.2,353.5,349.8,351.5,351.6,350,350,349.9,355.7,348.6,351
20:52:29,352.6,353,352.2,351.5,349.9,351,352.4,351,350.1,351.2,352.5,351.5,350.1,351.1,352,351.6,353.5,350.5,350.7,352,353.5,349.9,351.5,351.7,350.1,350.1,349.9,355.7,348.7,351
20:53:28,352.5,353.1,352.2,351.5,349.8,350.8,352.4,350.9,350,351.2,352.4,351.4,349.8,351,351.9,351.5,353.5,350.5,350.8,352.1,353.5,349.8,351.4,351.6,349,349,348.8,351,348.6,351
20:54:28,352.3,352.9,351.9,351.3,349.8,350.8,352.3,350.9,349.9,351.1,352.4,351.3,349.6,350.7,351.6,351,353.1,350.1,350.7,351.8,353.1,349.6,351.3,351.3,348,348,347.9,353.6,348.8,351
20:55:29,352.1,352.7,351.9,351.3,349.8,350.8,352.3,350.9,349.8,351,352.3,351.2,349.6,350.7,351.7,351.4,353.5,350.2,350.7,352.1,353.5,349.6,351.3,351.5,349.2,349.2,349,355.7,348.8,351
20:56:29,352.2,352.6,352,351.2,349.9,350.9,352.4,350.9,349.8,351.1,352.3,351.2,349.7,350.6,351.9,351.2,353.5,350,350.7,352.1,353.5,349.7,351.3,351.6,350.2,350.2,350,356.9,348.7,351
20:57:29,352.3,352.7,352,351.3,349.9,350.8,352.3,351,349.9,351.1,352.2,351.4,349.6,350.7,351.7,351.6,353.3,350.2,350.8,352,353.3,349.6,351.3,351.4,350.4,350.4,350.3,356,348.7,351
20:58:29,352.2,352.7,351.9,351.2,349.8,350.8,352.2,350.9,349.8,351.1,352.2,351.2,349.5,350.6,351.7,351.1,353.2,350.4,350.5,352,353.2,349.5,351.2,351.3,349.4,349.4,349.2,354.3,348.7,351
20:59:29,352.2,352.7,351.9,351.3,349.8,350.8,352.3,350.9,349.8,351,352.2,351.2,349.5,350.5,351.6,351.2,353.1,350.2,350.5,352,353.1,349.5,351.2,351.3,349.6,349.5,349.4,356,348.8,351
21:00:28,352.2,352.7,351.9,351.3,349.8,350.8,352.3,350.9,349.8,351,352.2,351.2,349.6,350.6,351.7,351.2,353.1,350.1,350.4,351.9,353.1,349.6,351.2,351.3,350.1,350.1,349.9,356.1,349,351
21:01:28,352.3,352.9,352,351.3,349.8,350.8,352.3,350.9,349.8,351,352.3,351.3,349.6,350.6,351.6,351.4,353.3,350,350.4,352.1,353.3,349.6,351.3,351.4,350.2,350.2,350.2,356.3,348.8,351
21:02:28,352.3,352.8,351.9,351.3,349.8,350.8,352.3,350.9,349.8,351,352.4,351.3,349.6,350.7,351.6,351.2,353.4,350.1,350.5,352.1,353.4,349.6,351.3,351.5,349.9,349.9,349.7,354.8,348.7,351
21:03:29,352.3,352.9,351.9,351.3,349.8,350.8,352.2,350.9,349.8,351,352.3,351.4,349.6,350.6,351.6,351.2,353.1,350.1,350.5,352,353.1,349.6,351.3,351.3,349.9,349.8,349.8,355.3,348.7,351
21:04:29,352.3,352.8,351.9,351.3,349.8,350.8,352.3,350.9,349.8,351,352.3,351.3,349.6,350.6,351.7,351.3,353.3,350.2,350.7,352.2,353.3,349.6,351.3,351.4,349.9,350,349.8,356,349,351
21:05:29,352.3,352.8,352,351.3,349.9,350.8,352.2,351,349.8,351.1,352.4,351.3,349.7,350.8,351.6,351.2,353.3,350,350.5,352.2,353.3,349.7,351.3,351.5,350.1,350.1,350,356,348.8,351
21:06:29,352.2,352.9,351.9,351.3,349.9,350.8,352.3,350.9,349.8,351,352.4,351.2,349.7,350.7,351.6,351.3,353.3,350,350.5,352,353.3,349.7,351.3,351.5,350.2,350.2,350.2,355.8,348.7,351
21:07:29,352.4,352.6,352,351.2,349.9,351,352.3,351,349.9,351,352.3,351.3,349.8,350.8,351.7,351.4,353.2,349.9,350.5,352.1,353.2,349.8,351.3,351.5,350.2,350.1,350.1,356,348.8,351
21:08:28,352.3,352.9,352,351.3,350,351,352.4,351,349.9,351,352.4,351.3,349.8,350.7,351.6,351.4,353.3,350.2,350.5,352.1,353.3,349.8,351.3,351.5,350.2,350.1,350,355.8,348.8,351
21:09:29,352.3,352.9,351.9,351.2,350,351,352.3,351,349.8,351,352.2,351.3,349.6,350.7,351.7,351.2,353.5,350.4,350.5,352,353.5,349.6,351.3,351.5,349.7,349.7,349.6,354.8,349,351
21:10:28,352.3,352.8,351.9,351.3,350,350.9,352.3,351,349.8,351,352.4,351.2,349.7,350.7,351.6,351.3,353.5,350.4,350.5,351.9,353.5,349.7,351.3,351.6,349.7,349.7,349.6,355.5,348.5,351
21:11:28,352.3,352.8,351.9,351.2,350,351,352.3,350.9,349.8,351,352.2,351.3,349.7,350.6,351.7,351.3,353.4,350.4,350.5,351.9,353.4,349.7,351.3,351.5,349.8,349.7,349.6,355.3,348.6,351
21:12:28,352.3,352.8,351.8,351.3,349.9,350.9,352.4,350.9,349.8,350.9,352.3,351.2,349.7,350.7,351.6,351.2,353.5,350.4,350.4,352,353.5,349.7,351.3,351.6,349.9,349.9,349.7,355.8,348.5,351
21:13:28,352.3,352.7,351.9,351.2,350,351,352.4,351,349.7,351,352.3,351.2,349.7,350.6,351.6,351.3,353.4,350.5,350.4,351.8,353.4,349.7,351.3,351.5,349.6,349.5,349.4,354.7,348.7,351
21:14:28,352.3,352.6,351.8,351.1,350,351,352.3,351,349.8,350.9,352.3,351.2,349.6,350.6,351.6,351.2,353.6,350.2,350.4,351.9,353.6,349.6,351.3,351.6,349.6,349.7,349.5,355.5,348.7,351
21:15:29,352.3,352.7,351.8,351.1,350,350.8,352.4,351,349.6,350.8,352.3,351.2,349.6,350.6,351.6,351.1,353.3,350.4,350.3,351.9,353.3,349.6,351.2,351.4,349.9,349.8,349.7,355.5,348.6,351
21:16:29,352.3,352.7,351.8,351.1,349.9,350.9,352.4,351,349.7,350.9,352.2,351.3,349.6,350.5,351.6,351.2,353.5,350.5,350.3,351.9,353.5,349.6,351.2,351.5,349.8,349.8,349.6,355.8,348.6,351
21:17:29,352.2,352.8,351.8,351.2,349.9,351,352.4,351,349.6,350.9,352.3,351.2,349.6,350.6,351.6,351.1,353.4,350.4,350.5,352,353.4,349.6,351.3,351.5,349.7,349.9,349.7,355.6,348.5,351
21:18:29,352.3,352.7,351.8,351.2,350,350.9,352.3,350.9,349.6,350.8,352.3,351.1,349.6,350.6,351.6,351.1,353.2,350.4,350.4,351.8,353.2,349.6,351.2,351.4,349.7,349.6,349.5,355.1,348.7,351
21:19:29,352.2,352.7,351.8,351.1,350,350.9,352.3,350.9,349.7,350.9,352.1,351.2,349.6,350.6,351.6,351.3,353.3,350.4,350.4,352,353.3,349.6,351.2,351.4,349.6,349.5,349.4,355.3,348.7,351
21:20:29,352.3,352.6,351.8,351.2,350,350.9,352.4,351,349.7,350.9,352.2,351.2,349.6,350.6,351.6,351.2,353.1,350.2,350.5,351.9,353.1,349.6,351.2,351.3,349.8,349.7,349.6,355.3,348.7,351
21:21:28,352.2,352.7,351.8,351.1,350,350.9,352.3,351,349.7,350.8,352.1,351.2,349.7,350.6,351.6,351.4,353.2,349.9,350.4,352,353.2,349.7,351.2,351.4,349.9,349.9,349.7,355.8,348.8,351
21:22:29,352.3,352.7,351.8,351.1,350.1,351,352.3,351,349.6,350.9,352.2,351.1,349.7,350.6,351.6,351.2,353,350,350.4,351.9,353,349.6,351.2,351.3,350,349.9,349.9,355.9,348.9,351
21:23:29,352.4,352.8,351.8,351.2,350,351,352.3,350.8,349.6,350.9,352.2,351.1,349.7,350.7,351.6,351.1,353,350,350.4,352,353,349.6,351.2,351.3,350.1,350.1,349.9,355.5,349,351
21:24:28,352.2,352.8,351.9,351.1,350,350.8,352.3,350.9,349.7,350.8,352.2,351.1,349.7,350.6,351.6,351.3,353.1,349.9,350.4,351.9,353.1,349.7,351.2,351.4,350,350,349.8,355.5,348.9,351
21:25:28,352.3,352.7,351.8,351.1,349.9,350.8,352.2,350.9,349.6,350.9,352.2,351.2,349.7,350.5,351.6,350.9,353.2,350.1,350.3,351.9,353.2,349.6,351.2,351.4,349.7,349.7,349.6,355.1,348.7,351
21:26:29,352.3,352.7,351.8,351.1,349.9,350.9,352.3,350.8,349.6,350.8,352.1,351,349.6,350.5,351.5,351.2,353.2,350.1,350.4,351.9,353.2,349.6,351.2,351.4,349.7,349.6,349.5,355.4,349,351
21:27:29,352.2,352.8,351.8,351.2,349.8,350.9,352.2,350.8,349.7,350.9,352.2,351,349.6,350.6,351.6,351.1,353.2,350,350.4,352,353.2,349.6,351.2,351.4,349.7,349.8,349.6,355,348.9,351
21:28:29,352.3,352.9,351.8,351.1,349.9,350.9,352.1,350.8,349.6,350.9,352.1,351,349.6,350.6,351.6,351,353.1,350.1,350.3,351.9,353.1,349.6,351.2,351.3,349.7,349.7,349.7,355.2,348.9,351
21:29:29,352.4,352.7,351.9,351.1,350,350.9,352.2,350.8,349.7,350.8,352.1,351,349.6,350.6,351.6,351.1,353.3,350,350.4,351.8,353.3,349.6,351.2,351.4,349.7,349.7,349.6,355.2,348.8,351
21:30:29,352.3,352.7,351.8,351.2,349.9,350.9,352.1,350.9,349.6,350.9,352.1,351,349.6,350.6,351.3,351.2,353.1,350,350.3,351.8,353.1,349.6,351.2,351.3,349.8,349.8,349.6,355.5,348.9,351
21:31:29,352.3,352.7,351.8,351.1,349.9,350.8,352.2,350.8,349.6,350.9,352.1,351.1,349.6,350.6,351.5,351.1,353.3,350.2,350.3,351.9,353.3,349.6,351.2,351.4,349.8,349.7,349.7,355.2,348.8,351
21:32:29,352.3,352.6,351.8,351.1,349.8,350.9,352.2,350.9,349.6,350.8,352.1,351,349.5,350.5,351.5,351,353.2,350.1,350.3,351.9,353.2,349.5,351.1,351.3,349.6,349.7,349.6,355.1,348.8,351
21:33:29,352.2,352.6,351.8,351.1,349.9,350.9,352.2,350.8,349.6,350.9,352.1,351.1,349.6,350.6,351.5,351,353.1,350,350.2,351.8,353.1,349.6,351.1,351.3,349.7,349.5,349.4,355.2,348.9,351
21:34:29,352.1,352.6,351.7,351.1,349.9,350.9,352.1,350.8,349.6,350.8,352.1,351,349.5,350.4,351.5,351.1,353.2,350,350.3,351.7,353.2,349.5,351.1,351.3,349.8,349.7,349.6,355.6,348.9,351
21:35:29,352.2,352.7,351.8,351,349.9,350.8,352.2,350.8,349.6,350.8,352.1,351,349.6,350.6,351.3,351.1,353.1,350.1,350.3,351.7,353.1,349.6,351.1,351.3,349.7,349.7,349.6,355.5,348.9,351
21:36:29,352.3,352.6,351.8,351.1,349.9,350.9,352.1,350.7,349.5,350.7,352.1,351,349.6,350.6,351.3,351.1,353.3,350.2,350.3,351.8,353.3,349.5,351.1,351.4,349.8,349.7,349.6,354.9,348.8,351
21:37:29,352.1,352.6,351.7,351.1,349.9,350.9,352.1,350.8,349.6,350.7,352.1,351,349.6,350.5,351.3,351.1,353.3,350.2,350.3,351.7,353.3,349.6,351.1,351.4,349.4,349.4,349.2,354.9,348.5,351
21:38:29,352.1,352.6,351.6,350.9,349.9,350.8,352.1,350.8,349.6,350.8,351.9,350.9,349.5,350.4,351.3,351,353.3,350.2,350.3,351.7,353.3,349.5,351.1,351.4,349.4,349.4,349.3,354.9,348.6,351
21:39:29,352,352.6,351.7,350.9,349.8,350.8,352.1,350.8,349.6,350.7,351.9,350.9,349.5,350.3,351.3,351,353.1,350.2,350.2,351.7,353.1,349.5,351,351.3,349.5,349.6,349.4,355.4,348.7,351
21:40:29,352,352.5,351.6,351,349.9,350.9,352.1,350.8,349.6,350.8,352,350.8,349.5,350.5,351.3,351,353.3,350.1,350.2,351.6,353.3,349.5,351.1,351.4,349.6,349.5,349.4,355.5,348.8,351
21:41:28,352.1,352.5,351.6,350.9,349.8,350.8,352.1,350.6,349.6,350.7,351.9,350.7,349.4,350.4,351.3,351.1,353.1,350.2,350.2,351.7,353.1,349.4,351,351.2,349.7,349.7,349.5,355.3,348.7,351
21:41:48,352,352.6,351.6,350.9,349.9,350.8,352,350.8,349.6,350.8,351.8,350.9,349.5,350.6,351.3,351.1,353.1,350.1,350.2,351.8,353.1,349.5,351.1,351.3,349.7,349.6,349.5,355.3,349,351
21:42:29,352.1,352.4,351.7,351,349.8,350.8,352.1,350.8,349.6,350.7,351.9,350.9,349.6,350.5,351.3,351.1,353.1,349.9,350.3,351.7,353.1,349.6,351.1,351.3,349.7,349.8,349.7,355.7,347,346.9
21:43:29,352,352.4,351.5,350.8,349.7,350.6,351.8,350.6,349.5,350.7,351.8,350.8,349.1,350.1,351.1,350.7,353.1,350.1,350.2,351.7,353.1,349.1,350.9,351.1,347.2,347,346.7,343.6,341.1,341
21:44:29,350.9,351.1,350.6,349.9,349,350,351.2,350,349,350.2,351.5,349.8,347.6,348.9,350.3,349.3,352.6,349.4,349.7,351,352.6,347.6,350.1,350.1,339.3,339.1,338.9,334.5,335.1,335
21:45:28,349.3,349.6,349.3,348.8,348,349.2,350.3,349.4,348.3,349.4,350.7,348.9,345.8,347.2,349.2,348.1,351.8,348.7,349.1,350.2,351.8,345.8,349.1,348.8,333.5,333.5,333.2,329.3,329.1,329
21:46:28,347.1,347.7,347.8,347.3,347.1,348.3,349.4,348.5,347.4,348.5,349.8,347.9,343.9,345.5,348.2,346.5,351.1,348,348.4,349.5,351.1,343.9,347.9,347.5,328.5,328.4,328.3,324.6,323.1,323
21:47:29,344.8,345.4,346,345.6,346.1,347.4,348.5,347.5,346.1,347.2,348.9,346.8,341.8,343.4,347,344.8,350.2,347.2,347.6,348.9,350.2,341.8,346.6,346,324.4,324.3,324.1,321.7,317.1,317
21:47:53,343.8,344.3,345.4,345,345.7,347,348.1,347.2,345.7,346.7,348.6,346.5,341,342.6,346.6,344.4,349.9,346.7,347.4,348.4,349.9,341,346.1,345.5,323.2,323.1,322.9,321.1,314.7,314.6
21:48:29,342.4,342.9,344.3,344,345,346.2,347.3,346.7,345,346.1,348.1,346,339.7,341.2,345.7,343.4,349.4,346.3,346.9,348.1,349.4,339.7,345.2,344.5,321.5,321.3,321.1,318.6,311,311
21:49:29,339.6,340.2,342.4,341.9,343.5,344.8,345.9,345.3,343.6,344.6,346.9,344.5,336.8,338.5,344,341.7,348.4,345.2,345.8,347.1,348.4,336.8,343.5,342.6,316.2,316,315.8,309.3,305.1,305
21:50:28,336.5,337.2,340,339.5,342,343.2,344.4,344,341.9,343,345.3,342.9,333.4,335.2,341.9,339.2,347,343.6,344.4,345.9,347,333.4,341.5,340.2,309.8,309.7,309.4,302.9,299.1,299
21:51:28,332.8,333.6,337.2,336.9,340.4,341.7,343,342.5,340,341,343.9,341.2,330,331.7,339.9,336.6,345.8,342.2,343.1,344.3,345.8,330,339.4,337.9,304.4,304.4,303.9,297.7,293.1,293
21:52:29,329.2,329.8,334.2,334,338.5,339.9,341.4,341,337.8,338.8,342.5,339.5,326.3,328.2,337.7,334.1,343.8,340.7,341.9,343,343.8,326.3,337.1,335,298.8,298.6,298.2,291.7,287.1,287
21:53:28,325.3,326,331.1,331,336.4,337.9,339.6,339.3,335.4,336.5,340.8,337.4,322.5,324.3,335.2,331.3,342.3,338.9,340.3,341.3,342.3,322.5,334.6,332.4,292.9,292.8,292.4,286.1,281.1,281
21:54:10,322.6,323.1,329.1,328.9,335,336.4,338.3,338.1,333.5,334.7,339.6,336.2,319.6,321.6,333.3,329.3,341,337.6,339.2,340.3,341,319.6,332.9,330.3,288.9,288.8,288.4,282.1,277,276.9
21:54:29,321.1,321.9,328,327.7,334.2,335.8,337.7,337.5,332.6,333.9,338.8,335.3,318.3,320.3,332.4,328.3,340.4,337,338.6,339.8,340.4,318.3,332,329.3,287,287,286.5,280.4,275.1,275
21:55:29,316.8,317.3,324.5,324.2,332.1,333.7,335.6,335.5,330.1,331.2,337,333,314.1,316,329.6,325.3,338.6,334.8,337,338.1,338.6,314.1,329.2,326.3,281,280.9,280.5,274.6,269.1,269
21:56:29,312.3,313,320.7,320.6,329.8,331.4,333.5,333.7,327.2,328.4,334.9,330.8,309.4,311.5,326.5,321.9,336.4,332.8,335.2,336,336.4,309.4,326.3,322.9,275.3,275.3,275,269.3,263.1,263
21:57:28,307.6,308.4,317,316.8,327.1,328.7,331.4,331.4,324.1,325.2,332.5,328.3,304.7,306.7,323.2,318.4,334,330.6,333.5,334.6,334.6,304.7,323.2,319.6,269.9,269.8,269.3,263.4,257.1,257
21:58:29,302.6,303.5,312,312.9,324.5,326.2,329,329.1,320.7,321.8,329.9,325.4,299.8,301.7,319.9,315,331.6,328.1,331.5,332.6,332.6,299.8,319.9,316.2,263.8,263.7,263.1,257.5,251,250.9
21:59:29,297.5,298.6,308.9,308.6,321.7,323.5,326.6,326.8,317.5,318.5,327.7,323,295,297,316.6,311.2,329.4,325.8,329.4,330.4,330.4,295,316.7,312.7,258.5,258.3,258,252.4,245.1,245
22:00:29,292.5,293.3,304.6,304.5,319.1,320.7,324.1,324.4,313.9,315.1,325.1,320.3,289.9,291.9,313,307.6,326.6,323.1,327.3,328.3,328.3,289.9,313.3,309.1,253.5,253.4,252.9,247.5,239.1,239
22:01:29,287.5,288.3,300.3,300.3,316,317.6,321.4,321.9,310.3,311.4,322.3,317.4,285,286.9,309.2,303.7,324,320.5,325.3,326.2,326.2,285,309.8,305.6,247.8,247.9,247.2,242.8,233.1,233
22:02:29,282.5,283.4,296.1,295.8,313,314.6,318.7,319.2,306.5,307.7,319.6,314.5,280.1,282,305.3,299.5,321.7,317.8,323.1,323.9,323.9,280.1,306.2,302,243.1,243.1,242.6,238.3,227,226.9
22:03:29,277.6,278.5,291.9,291.8,309.9,311.7,316,316.6,302.7,303.8,316.9,311.6,275,276.8,301.4,295.8,319,315.3,320.6,321.4,321.4,275,302.7,298.2,238.6,238.6,238.2,234.1,221,220.9
22:04:29,272.8,273.6,287.7,287.3,306.8,308.6,313.3,314,299.1,300.1,314,308.5,270.2,271.9,297.7,291.7,316.3,312.6,318.4,319.2,319.2,270.2,299.2,294.7,234.8,234.6,234.1,230.1,215.1,215
22:05:29,268.1,268.5,283.3,283,303.8,305.6,310.6,311.2,295,296.2,311.2,305.7,265.3,267.1,293.5,288,313.3,309.9,316,316.6,316.6,265.3,295.6,290.9,230.6,230.5,230,226.5,209.1,209
22:06:28,263.3,264.2,279.1,278.5,300.9,302.5,307.8,308.6,291.3,292.3,308.4,302.9,260.7,262.3,289.7,283.8,310.7,307.2,313.7,314.4,314.4,260.7,292.1,287.6,226.6,226.5,226,222.9,203.1,203
22:07:29,258.6,259.6,274.6,274.2,297.3,299.2,304.9,305.7,287.5,288.4,305.3,299.9,256.1,257.8,285.7,279.9,307.8,304.2,311.2,311.8,311.8,256.1,288.5,283.9,222.7,222.6,222.1,219.3,197.1,197
22:08:29,254.1,254.8,270.4,269.9,294.3,295.9,302.1,302.9,283.6,284.4,302.3,296.6,251.5,253.1,281.9,276.4,305.2,301.5,308.5,309.4,309.4,251.5,284.9,280.4,219.2,219.1,218.9,215.8,191.1,191
22:09:29,249.5,250.5,266.1,265.6,290.9,292.7,299.1,299.9,279.8,280.6,299.1,293.4,247.1,248.7,277.9,272.1,302.1,298.4,305.8,306.5,306.5,247.1,281.3,276.8,215.9,215.8,215.4,213.3,185.1,185
22:10:29,245.6,245.9,262.2,261.7,287.8,289.5,296.2,296.9,275.9,276.6,295.9,290.3,243,244.3,273.9,268.3,299.2,295.4,303.2,304.1,304.1,243,277.8,273.6,213,212.9,212.5,211,179.1,179
22:11:28,241.7,242.2,258.4,257.7,284.6,286.3,293.5,294.1,272.2,273,292.8,287.2,239.2,240.6,270.3,264.5,296.2,292.6,300.7,301.2,301.2,239.2,274.5,270.2,210.3,210.3,209.7,208.8,173.1,173
22:12:28,237.7,238.4,256,253.7,281.5,283.3,290.7,291.4,268.6,269.4,289.9,284.3,235.3,236.7,266.5,261,293.3,289.6,297.9,298.4,298.4,235.3,271.2,266.8,207.9,207.9,207.3,206.5,167.2,167.1
22:13:29,234.1,234.6,249.3,249.9,278.5,280,287.8,288.5,264.9,265.6,286.8,281.2,231.6,232.9,262.8,257.1,290.6,287,295.1,295.7,295.7,231.6,267.7,263.6,205.3,205.3,204.7,204,161.1,161
22:14:30,230.5,231.2,246.8,246.3,275.3,276.9,285,285.8,261.4,262.2,283.8,278.3,228.1,229.3,259.1,254.1,287.7,284.2,292.6,293.1,293.1,228.1,264.6,260.6,203,202.9,202.4,201.9,155.1,155
22:15:28,227.1,227.7,243.5,242.7,272.2,273.7,282.2,283,258.1,258.7,280.7,275.3,224.8,226.1,255.7,250.3,285,281.4,289.9,290.7,290.7,224.8,261.4,257.7,200.5,200.5,200,199.8,149.1,149
22:16:28,223.8,224.4,240.2,239.5,269.2,270.7,279.4,280.2,254.5,255.3,277.8,272.4,221.9,222.9,252.3,247.1,282,278.4,287.2,287.7,287.7,221.9,258.3,254.8,198.3,198.2,197.6,197.5,143.1,143
22:17:29,220.6,221.2,235.6,235.9,266.3,267.6,276.5,277.3,251.4,252,274.5,269.3,218.6,219.6,248.7,243.8,279.2,275.7,284.5,284.9,284.9,218.6,255.2,251.8,196.2,196.2,195.5,195.6,137.1,137
22:18:29,217.7,218.1,232.9,232.5,263.2,264.9,273.8,274.5,248.1,248.7,271.7,266.4,215.6,216.7,245.4,240.4,276.2,272.8,282,282.7,282.7,215.6,252.2,249.1,193.9,193.9,193.2,193.8,131.1,131
22:19:29,214.7,215.3,230.1,229.3,260.4,262,271.1,271.9,244.7,245.3,268.7,263.4,212.7,213.7,242.1,237.3,273.4,269.9,279.3,279.6,279.6,212.7,249.2,246.2,191.9,191.8,191.1,191.4,125.1,125
22:20:29,212.2,212.8,226.1,226.5,257.5,259.2,268.4,269.1,241.6,242.1,266,260.8,209.9,211,238.9,234.1,270.8,267.3,276.4,276.9,276.9,209.9,246.4,243.4,189.9,189.8,189.2,189.9,119.1,119
22:21:29,209.4,209.6,223.9,223.4,254.7,256.2,265.7,266.4,238.4,239,262.9,257.8,207.2,208.2,235.7,231.3,267.8,264.5,273.8,274.3,274.3,207.2,243.5,240.7,187.8,187.7,187.1,187.5,113,112.9
22:22:28,206.9,207.4,220.2,220.5,252,253.4,263.1,263.9,235.4,236,260.1,255,204.8,205.6,232.7,228.1,265.4,261.7,271.1,271.7,271.7,204.8,240.7,238.3,186,186,185.2,186,107.1,107
22:23:29,204.2,204.5,218.7,217.6,249,250.4,260.5,261.1,232.5,233.1,257.1,252.2,202.3,203.2,229.7,225.2,262.7,259.1,268.6,269.2,269.2,202.3,238,235.7,184.1,184.4,183.5,184.4,101.1,101
22:24:29,201.8,202.3,215.2,214.9,246.3,247.8,257.9,258.4,229.5,230.2,254.4,249.5,199.9,200.8,226.7,222.3,260.1,256.7,265.8,266.3,266.3,199.9,235.3,233.1,182.4,182.3,181.7,182.7,95.1,95
22:25:29,199.5,200.1,212.7,212.1,243.6,245.1,255.1,255.9,226.8,227.3,251.6,246.7,197.5,198.6,223.8,219.6,257.4,254.1,263.4,264,264,197.5,232.7,230.8,180.6,180.6,180,181,89.1,88.9
22:26:29,197.2,197.2,210.4,209.6,240.9,242.3,252.5,253.2,224,224.4,248.7,244,195.3,196.1,221,216.9,254.9,251.4,260.8,261.2,261.2,195.3,230.1,228.2,178.8,178.8,178.2,179.4,83,82.9
22:27:28,195.1,195.3,208,207,238.3,239.9,249.9,250.6,221.4,221.9,245.8,241.1,193.2,193.9,218.4,214.2,252.4,248.7,258.1,258.7,258.7,193.2,227.6,226,177.2,177.1,176.5,177.6,80,80
22:28:28,193,193.1,205.5,204.6,235.7,237,247.3,248,218.8,219,243.2,238.6,191.1,191.9,215.6,211.7,249.3,246,255.5,256,256,191.1,225,223.5,175.5,175.5,174.8,176,80,80
22:29:29,190.8,191.1,203,202.4,232.9,234.4,244.9,245.5,216,216.3,240.6,236,189.1,189.9,213,209.1,246.6,243.2,253.1,253.6,253.6,189.1,222.6,221.3,173.9,173.9,173.2,174.3,80,80
22:30:29,188.8,189.2,200.8,200.1,230.5,231.8,242.3,243,213.7,213.9,237.8,233.4,187.2,187.9,210.5,206.8,244.2,240.9,250.6,251.2,251.2,187.2,220.2,219.2,172.2,172.1,171.5,173.3,80,80
22:31:29,187,187.2,198.6,197.8,227.9,229.4,239.9,240.5,211.1,211.4,235.1,230.8,185.2,185.9,208,204.3,241.5,238.2,248,248.6,248.6,185.2,217.8,216.9,170.8,170.8,170.2,171.3,80,80
22:32:29,185,185.2,196.4,195.6,225.6,226.8,237.6,238.2,208.6,208.9,232.6,228.4,183.2,184,205.6,201.9,239.3,236,245.7,246.2,246.2,183.2,215.5,214.7,169.2,169.2,168.5,170,80,80
22:33:29,183.3,183.3,194.3,193.6,223.2,224.5,235.2,235.8,206.2,206.6,230.1,225.8,181.5,182.3,203.2,199.7,236.8,233.5,243.1,243.6,243.6,181.5,213.3,212.6,167.8,167.4,167.2,168.6,80,80
22:34:29,181.6,181.5,192,191.4,220.8,222.1,232.8,233.3,203.9,204.2,227.5,223.4,179.8,180.5,200.8,197.4,234.4,231.1,240.6,240.9,240.9,179.8,211,210.3,166.2,166.2,165.7,167.2,80,80
22:35:29,179.6,180,190.1,189.4,218.8,219.9,230.5,231.1,201.6,202,225,220.9,178.1,178.8,198.6,195.3,232.1,229.7,238.2,238.5,238.5,178.1,208.9,208.3,164.9,164.9,164.2,166.1,80,80
22:36:29,177.8,178,188.2,187.5,216.2,217.3,228.1,228.7,199.4,199.8,222.4,218.4,176.5,177.1,196.4,193.2,229.9,227.3,235.7,236.2,236.2,176.5,206.7,206.3,163.5,163.6,162.9,164.7,80,80
22:37:28,176.3,176.4,186.3,185.6,214,215.2,225.9,226.3,197.3,197.7,220,216.1,174.8,175.5,194.3,191.1,227.3,225.5,233.6,234.2,234.2,174.8,204.7,204.5,162.4,162.3,161.6,163.8,80,80
22:38:29,174.6,174.7,184.4,183.6,211.9,213,223.6,224.1,195.2,195.4,217.5,213.6,173.3,173.9,192.3,189.1,225.1,223.1,231.3,231.7,231.7,173.3,202.6,202.5,161,161,160.2,162.4,80,80
22:39:29,173.1,173,182.7,181.9,209.8,210.8,221.4,221.9,193.1,193.4,215.1,211.4,171.7,172.4,190.3,187.2,223.1,221.3,229,229.6,229.6,171.7,200.6,200.7,159.8,159.8,159,161.1,80,80
22:40:28,171.5,171.7,181,180.1,207.6,208.8,219.1,219.6,191.2,191.3,212.8,209.2,170.2,170.9,188.3,185.3,220.6,218.8,226.6,227.1,227.1,170.2,198.6,198.6,158.6,158.6,157.9,159.8,80,80
22:41:28,170.1,170.1,179.1,178.5,205.2,206.4,216.8,217.4,189.2,189.4,210.5,206.9,168.8,169.5,186.4,183.5,218.4,216.5,224.3,224.9,224.9,168.8,196.6,196.9,157.3,157.2,156.7,158.7,80,80
22:42:29,168.6,168.6,177.4,176.8,203,204.2,214.6,215.1,187.4,187.5,208.2,204.7,167.3,167.9,184.5,181.6,216.1,214.3,222,222.6,222.6,167.3,194.6,194.9,156.1,156.2,155.5,157.6,80,80
22:43:29,167.4,167.2,175.7,175,201,202.2,212.5,213,185.6,185.8,206,202.5,165.9,166.5,182.5,179.7,214.1,212.2,219.7,220.3,220.3,165.9,192.7,193.1,155,154.9,154.3,156.6,80,80
22:44:29,165.8,165.8,174.1,173.5,198.9,199.9,210.4,210.8,183.8,183.9,203.7,200.5,164.6,165.1,180.8,177.9,211.8,210.2,217.6,218.4,218.4,164.6,190.9,191.5,153.8,153.8,153.2,155.2,80,80
22:45:29,164.7,164.7,172.6,171.9,197,198,208.3,208.8,181.9,182,201.7,198.4,163.2,163.7,179,176.3,209.8,208.1,215.4,215.9,215.9,163.2,189.1,189.6,152.8,152.8,152,154,80,80
22:46:29,163.2,163.4,171.1,170.4,195.2,196.3,206.2,206.8,180.1,180.3,199.5,196.3,161.9,162.4,177.3,174.6,207.5,205.9,213.3,213.8,213.8,161.9,187.3,187.9,151.6,151.4,151,153.5,80,80
22:47:29,161.6,161.9,169.6,168.9,193.5,194.4,204.4,204.8,178.5,178.6,197.5,194.4,160.7,161.2,175.7,173.2,205.5,203.9,211.2,211.8,211.8,160.7,185.6,186.2,150.4,150.5,149.9,152.3,80,80
22:48:28,160.7,160.7,168.1,167.5,191.4,192.5,202.4,202.8,176.7,177,195.5,192.3,159.6,160.1,174,171.7,203.5,201.9,209,209.4,209.4,159.6,183.8,184.5,149.5,149.5,148.8,151.3,80,80
22:49:29,159.4,159.3,166.7,166.1,189.5,190.4,200.5,200.9,175.1,175.3,193.5,190.5,158.3,158.9,172.6,170.1,201.7,200.1,206.8,207.6,207.6,158.3,182.2,183,148.4,148.4,147.7,150.3,80,80
22:50:29,158,158,165.3,164.8,187.6,188.5,198.4,198.9,173.6,173.8,191.4,188.5,157.2,157.6,171,168.6,199.5,198,204.7,205.3,205.3,157.2,180.4,181.2,147.2,147.3,146.6,148.9,80,80
22:51:28,156.9,157.1,163.9,163.3,186.1,187,196.6,197.1,172.1,172.2,189.6,186.7,156.2,156.5,169.5,167.1,197.7,196.2,202.8,203.6,203.6,156.2,178.9,179.9,146.5,146.4,145.9,148.3,80,80
22:52:29,155.6,155.7,162.6,162,184.2,185.2,194.8,195.2,170.6,170.7,187.7,185,155,155.4,168,165.7,195.7,194.2,200.9,201.4,201.4,155,177.3,178.2,145.4,145.4,144.8,147.4,80,80
22:53:30,154.6,154.6,161.2,160.7,182.5,183.4,192.9,193.3,169,169.1,185.8,183.1,153.9,154.2,166.5,164.3,194,192.2,198.9,199.3,199.3,153.9,175.7,176.6,144.5,144.4,143.8,146.2,80,80
22:54:29,153.6,153.6,159.8,159.4,180.8,181.6,191.2,191.5,167.6,167.6,184.1,181.4,152.8,153.2,165.2,163,192.2,190.5,197.1,197.6,197.6,152.8,174.2,175.2,143.5,143.5,142.9,145.5,80,80
22:55:29,152.5,152.6,158.6,158.2,179.1,179.9,189.3,189.6,166,166.3,182.2,179.7,151.6,152.1,163.9,161.7,190.2,188.7,195,195.4,195.4,151.6,172.6,173.5,142.6,142.6,141.9,144.3,80,80
22:56:29,151.5,151.4,157.5,157,177.5,178.1,187.6,187.9,164.7,164.9,180.5,178,150.6,151,162.5,160.4,188.4,186.9,193.2,193.5,193.5,150.6,171.1,172.1,141.8,141.8,141.2,143.8,80,80
22:57:05,149.9,150.6,156.8,156.2,176.5,177.2,186.5,186.8,164,164,179.4,177,150,150.3,161.6,159.6,187.5,186,192.1,192.5,192.5,149.9,170.2,171.2,141.3,141.2,140.5,143.4,80,80
22:57:28,150.3,150.4,156.3,155.8,176,176.8,185.9,186.1,163.5,163.5,178.8,176.3,149.7,150,161.1,159.2,186.8,185.3,191.4,192,192,149.7,169.8,170.9,140.9,140.8,140.3,142.9,80,80
22:58:28,149.6,149.6,155,154.6,174.3,174.9,184.1,184.5,162.1,162.1,177.1,174.8,148.6,149,159.8,157.8,184.9,183.4,189.6,190.2,190.2,148.6,168.3,169.4,139.9,139.9,139.3,142,80,80
22:59:28,148.4,148.4,154,153.6,172.7,173.4,182.5,182.7,160.8,160.8,175.5,173.2,147.5,147.9,158.5,156.5,183.3,181.7,187.8,188.1,188.1,147.5,166.9,167.8,139.2,139.2,138.5,141.1,80,80
23:00:29,147.6,147.4,152.9,152.4,171.2,171.8,180.8,181.1,159.4,159.5,174,171.7,146.7,147,157.4,155.4,181.5,180,186.1,186.5,186.5,146.7,165.5,166.6,138.3,138.3,137.7,140.7,80,80
23:01:29,146.5,146.3,151.7,151.2,169.8,170.4,179.1,179.4,158.3,158.3,172.4,170.2,145.7,146,156.2,154.3,179.8,178.4,184.4,185.1,185.1,145.7,164.2,165.4,137.5,137.4,136.8,139.7,80,80
23:02:28,145.6,145.9,150.7,150.2,168.3,169.1,177.5,177.7,157.1,157.1,170.8,168.7,144.9,145.1,155.1,153.3,178.2,176.8,182.8,183.3,183.3,144.9,162.9,164.1,136.6,136.6,136,138.9,80,80
23:03:29,144.5,144.3,149.6,149.2,166.7,167.3,175.9,176.1,155.9,155.9,169.2,167.2,144,144.3,153.9,152.1,176.4,175.2,181,181.4,181.4,144,161.5,162.7,135.8,135.9,135.2,138.4,80,80
23:04:28,143.8,144,148.7,148.2,165.3,165.9,174.3,174.6,154.8,154.7,167.7,165.8,143,143.4,152.8,151.1,174.8,173.5,179.4,179.8,179.8,143,160.3,161.4,135.1,135.2,134.5,137.3,80,80
23:05:29,142.9,142.7,147.8,147.3,164,164.6,172.7,172.9,153.5,153.5,166.3,164.4,142.2,142.5,151.7,150,173.3,171.9,177.6,178.3,178.3,142.2,159,160.2,134.4,134.5,133.7,136.9,80,80
23:06:28,142,142.1,146.7,146.2,162.7,163.2,171.2,171.5,152.5,152.4,164.9,163,141.5,141.7,150.7,149.1,171.9,170.5,176.1,176.4,176.4,141.5,157.8,158.9,133.6,133.7,132.7,136,80,80
23:07:29,141.1,141,145.7,145.3,161.4,161.8,169.7,169.9,151.4,151.4,163.6,161.7,140.5,140.8,149.6,148.1,170.2,168.9,174.6,175,175,140.5,156.6,157.8,132.9,133.7,132.3,135.3,80,80
23:08:29,140.3,140.3,144.8,144.4,160.1,160.6,168.4,168.6,150.3,150.4,162.2,160.5,139.7,139.9,148.6,147.1,168.9,167.7,173,173.4,173.4,139.7,155.4,156.6,132.2,132.3,131.6,134.8,80,80
23:09:28,139.6,139.5,143.8,143.4,158.9,159.3,166.9,167,149.3,149.3,161,159.2,139,139.1,147.6,146,167.4,166.1,171.7,172.1,172.1,139,154.3,155.6,131.5,131.5,131,134,80,80
23:10:29,138.8,138.5,143,142.6,157.6,158,165.6,165.7,148.3,148.2,159.6,157.9,138.1,138.4,146.6,145.1,165.9,164.6,170.1,170.8,170.8,138.1,153.2,154.5,130.9,130.9,130.4,133.5,80,80
23:11:28,137.8,137.8,142.1,141.8,156.3,156.8,164,164.2,147.3,147.2,158.3,156.7,137.4,137.6,145.7,144.1,164.6,163.3,168.7,169.2,169.2,137.4,152,153.3,130.2,130.3,129.5,132.9,80,80
23:12:29,137.2,137.2,141.3,140.9,155.2,155.7,162.6,162.9,146.3,146.2,157.2,155.5,136.6,136.9,144.7,143.2,163.2,161.9,167.3,167.6,167.6,136.6,151,152.1,129.6,129.5,129,132.2,80,80
23:13:29,136.4,136,140.5,140,154,154.4,161.4,161.6,145.3,145.1,155.8,154.3,135.9,136.1,143.7,142.3,161.8,160.6,165.9,165.9,165.9,135.9,149.9,150.9,129,128.9,128.3,131.8,80,80
23:14:29,135.4,135.8,139.6,139.2,152.9,153.4,160.1,160.2,144.3,144.3,154.6,153.1,135.2,135.4,143,141.5,160.6,159.4,164.4,164.7,164.7,135.2,148.9,149.9,128.3,128.3,127.7,130.7,80,80
23:15:29,135.1,135,138.8,138.4,151.7,152.2,158.7,158.9,143.4,143.3,153.4,152,134.5,134.7,142,140.7,159.2,158.1,163,163.4,163.4,134.5,147.8,148.9,127.7,127.7,127,130.4,80,80
23:16:29,134.4,134,138,137.6,150.5,151,157.5,157.6,142.4,142.4,152.3,151,133.8,134,141.1,139.8,158,156.8,161.7,162.3,162.3,133.8,146.8,148,127.2,127.1,126.5,129.8,80,80
23:17:29,133.7,133.4,137.3,136.8,149.6,150,156.3,156.5,141.6,141.5,151.2,149.8,133.2,133.3,140.3,138.9,156.7,155.7,160.5,160.7,160.7,133.2,145.9,147,126.6,126.7,125.9,129.2,80,80
23:18:29,133.4,132.6,136.4,136.1,148.5,148.9,155.2,155.2,140.6,140.7,150.1,148.8,132.5,132.7,139.5,138.2,155.6,154.7,159.2,159.5,159.5,132.5,144.9,146,126,126.1,125.3,128.9,80,80
23:19:29,132.1,132.1,135.7,135.3,147.5,147.9,153.9,154,139.9,139.9,149.1,147.9,131.9,132,138.7,137.3,154.4,153.3,158,158.4,158.4,131.9,144,145.1,125.4,125.4,124.7,128.2,80,80
23:20:29,131.4,131.6,135,134.6,146.4,146.8,152.7,152.8,139,138.9,148,146.7,131.2,131.3,137.9,136.6,153.4,152.1,156.6,157,157,131.2,143,144.1,124.9,124.9,124.2,127.4,80,80
23:21:29,130.8,130.7,134.4,134,145.4,145.7,151.5,151.7,138.2,138.2,147,145.7,130.6,130.7,137.1,136,152.1,150.8,155.5,156,156,130.6,142.1,143.3,124.4,124.3,123.6,127.2,80,80
23:22:28,129.8,130.1,133.5,133.3,144.4,144.8,150.4,150.5,137.4,137.4,146,144.7,130,130.1,136.5,135.3,151,149.7,154.2,154.4,154.4,129.8,141.2,142.1,123.8,123.9,123.1,126.7,80,80
23:23:29,129.6,129.3,132.8,132.5,143.4,143.8,149.3,149.4,136.6,136.6,145,143.8,129.3,129.4,135.6,134.5,149.8,148.8,153.1,153.4,153.4,129.3,140.3,141.4,123.2,123.3,122.5,125.9,80,80
23:24:29,129,129.3,132.1,131.9,142.5,142.8,148.1,148.3,135.9,135.8,144,142.9,128.8,128.8,134.9,133.7,148.8,147.6,152,152.1,152.1,128.8,139.5,140.5,122.8,122.8,122,125.7,80,80
23:25:29,128.5,128.5,131.5,131.3,141.5,141.8,147.2,147.2,135.1,135,143,141.9,128.2,128.3,134.3,133.1,147.7,146.5,150.8,151.1,151.1,128.2,138.6,139.7,122.5,122.3,121.3,124.8,80,80
23:26:28,127.6,127.9,130.9,130.6,140.6,141,146,146.1,134.3,134.2,142.1,141.2,127.6,127.7,133.4,132.3,147,145.7,149.6,150.2,150.2,127.6,137.8,138.9,121.8,121.8,121.1,124.5,80,80
23:27:29,127.3,127.3,130.3,130,139.8,140.1,145.1,145.1,133.6,133.5,141.2,140.3,127,127.2,132.8,131.7,145.8,144.6,148.6,149.1,149.1,127,137,138,121.4,121.4,120.6,124.2,80,80
23:27:31,127.2,127.2,130.3,130,139.8,140.1,145,145,133.6,133.5,141.1,140.2,127,127.2,132.8,131.8,145.8,144.5,148.6,148.8,148.8,127,137,137.9,121.4,121.4,120.7,124.2,80,80
23:28:29,126.8,126.7,129.5,129.2,138.8,139.1,143.9,144,132.8,132.7,140.2,139,126.2,126.3,131.8,130.7,144.7,143.4,147.4,148,148,126.2,136.1,137.1,118.7,118.7,117.9,120.4,80,80
23:29:29,125.7,125.6,128.5,128.2,137.6,138,142.8,142.9,131.6,131.6,139.2,137.9,125.1,125.3,130.9,129.7,143.5,142.3,146.2,146.5,146.5,125.1,135,135.8,115.4,115.4,114.6,116.6,80,80
23:30:28,124.6,124.5,127.5,127.3,136.7,137.1,141.7,141.9,130.7,130.6,138.1,136.7,123.8,124.2,129.9,128.5,142.3,141.1,145.2,145.4,145.4,123.8,133.9,134.6,112.9,112.8,112.1,114,80,80
23:31:28,123.2,123.2,125.2,126.2,135.7,136.1,140.7,140.9,129.6,129.6,137.1,135.8,122.6,122.9,129,127.6,141.3,140.1,144.2,144.1,144.2,122.6,132.8,133.4,110.6,110.6,109.9,112.2,80,80
23:32:29,122.1,121.9,124.7,125.3,134.7,135.1,139.8,139.9,128.6,128.5,136.2,134.8,121.4,121.7,128.1,126.6,140.3,139,143.3,143.6,143.6,121.4,131.8,132.5,108.8,108.8,107.9,110.2,80,80
23:33:28,120.7,120.4,123.8,124.2,133.8,134.3,139,138.9,127.6,127.5,135.2,133.9,120.4,120.5,127.1,125.6,139.3,138.3,142.3,142.7,142.7,120.4,130.8,131.5,107.1,107.2,106.3,108.5,80,80
23:34:28,119.5,119.3,123,123.4,133.1,133.5,138.3,138.1,126.8,126.7,134.5,133.2,119.2,119.4,126.2,124.8,138.5,137.2,141.5,141.8,141.8,119.2,129.9,130.5,105.8,105.7,104.9,107.1,80,80
23:35:29,118.3,118.5,121.3,122.5,132.3,132.6,137.7,137.4,125.9,125.9,133.8,132.5,118.2,118.4,125.4,124,137.5,136.3,140.6,141.2,141.2,118.2,129,129.7,104.6,104.4,103.7,105.7,80,80
23:36:29,117.3,117.2,120.4,121.7,131.7,132.1,137,136.9,125,125,133,131.6,117.2,117.3,124.6,123.2,136.6,135.8,140,140.4,140.4,117.2,128.2,128.8,102.9,102.3,101.9,103.3,80,80
23:37:29,116.2,116.3,120.3,121,131.2,131.5,136.4,136.2,124.3,124.2,132.2,131,116.2,116.4,123.8,122.4,136.1,135.3,139.4,140,140,116.2,127.5,128.1,100.8,100.8,100,101.1,80,80
23:38:29,115.3,115.3,118.9,120.1,130.8,131,135.8,135.7,123.5,123.5,131.5,130.5,115.7,115.7,123.3,122,135.4,134.1,138.7,139.4,139.4,115.3,126.8,127.4,99.8,99.7,99.1,99.9,80,80
23:39:29,114.4,114.5,118.2,119.6,130.5,130.8,135.5,135.3,123,122.9,131.1,130.2,115,115.2,122.8,121.5,134.8,133.7,138.3,138.8,138.8,114.4,126.3,126.6,99.4,99.3,98.6,99.4,80,80
23:40:28,113.7,113.9,119.1,119,130.4,130.5,135,134.8,122.4,122.3,130.6,129.8,114.4,114.4,122.3,121.1,134.2,133,137.8,138.3,138.3,113.7,125.8,126,99,99,98.3,99.2,80,80
23:41:14,113.2,113.4,118.8,118.5,130.1,130.2,134.8,134.6,122.1,122,130.1,129.6,114,114,122,120.7,133.7,132.9,137.3,137.7,137.7,113.2,125.5,125.4,99.3,99.2,98.4,99.4,80,80
